config_id,initial_temp,final_temp,alpha,max_iter,time,final_fitness,validity
cfg_001,0.1,1e-06,0.85,1000.0,0.13,15.700000000000001,True
cfg_002,0.1,1e-06,0.85,5000.0,0.12,15.700000000000001,True
cfg_003,0.1,1e-06,0.85,10000.0,0.12,15.700000000000001,True
cfg_004,0.1,1e-06,0.85,50000.0,0.09,13.9,True
cfg_005,0.1,1e-06,0.85,100000.0,0.1,16.299999999999997,True
cfg_006,0.1,1e-06,0.85,500000.0,0.1,15.700000000000001,True
cfg_007,0.1,1e-06,0.9,1000.0,0.16,15.700000000000001,True
cfg_008,0.1,1e-06,0.9,5000.0,0.17,15.700000000000001,True
cfg_009,0.1,1e-06,0.9,10000.0,0.14,16.299999999999997,True
cfg_010,0.1,1e-06,0.9,50000.0,0.16,15.700000000000001,True
cfg_011,0.1,1e-06,0.9,100000.0,0.13,13.9,True
cfg_012,0.1,1e-06,0.9,500000.0,0.19,15.700000000000001,True
cfg_013,0.1,1e-06,0.93,1000.0,0.2,16.299999999999997,True
cfg_014,0.1,1e-06,0.93,5000.0,0.23,15.700000000000001,True
cfg_015,0.1,1e-06,0.93,10000.0,0.25,15.700000000000001,True
cfg_016,0.1,1e-06,0.93,50000.0,0.24,16.299999999999997,True
cfg_017,0.1,1e-06,0.93,100000.0,0.21,16.299999999999997,True
cfg_018,0.1,1e-06,0.93,500000.0,0.23,15.700000000000001,True
cfg_019,0.1,1e-06,0.95,1000.0,0.34,15.700000000000001,True
cfg_020,0.1,1e-06,0.95,5000.0,0.35,15.700000000000001,True
cfg_021,0.1,1e-06,0.95,10000.0,0.3,16.299999999999997,True
cfg_022,0.1,1e-06,0.95,50000.0,0.29,16.299999999999997,True
cfg_023,0.1,1e-06,0.95,100000.0,0.32,16.299999999999997,True
cfg_024,0.1,1e-06,0.95,500000.0,0.31,16.299999999999997,True
cfg_025,0.1,1e-06,0.97,1000.0,0.52,16.299999999999997,True
cfg_026,0.1,1e-06,0.97,5000.0,0.54,15.700000000000001,True
cfg_027,0.1,1e-06,0.97,10000.0,0.59,15.700000000000001,True
cfg_028,0.1,1e-06,0.97,50000.0,0.55,15.700000000000001,True
cfg_029,0.1,1e-06,0.97,100000.0,0.6,15.700000000000001,True
cfg_030,0.1,1e-06,0.97,500000.0,0.55,15.700000000000001,True
cfg_031,0.1,1e-06,0.99,1000.0,1.53,15.700000000000001,True
cfg_032,0.1,1e-06,0.99,5000.0,1.7,15.700000000000001,True
cfg_033,0.1,1e-06,0.99,10000.0,1.19,13.9,True
cfg_034,0.1,1e-06,0.99,50000.0,1.83,15.700000000000001,True
cfg_035,0.1,1e-06,0.99,100000.0,1.8,15.700000000000001,True
cfg_036,0.1,1e-06,0.99,500000.0,1.44,16.299999999999997,True
cfg_037,0.1,1e-06,0.995,1000.0,1.52,15.700000000000001,True
cfg_038,0.1,1e-06,0.995,5000.0,3.46,15.700000000000001,True
cfg_039,0.1,1e-06,0.995,10000.0,2.38,13.9,True
cfg_040,0.1,1e-06,0.995,50000.0,3.54,15.700000000000001,True
cfg_041,0.1,1e-06,0.995,100000.0,3.53,15.700000000000001,True
cfg_042,0.1,1e-06,0.995,500000.0,3.49,15.700000000000001,True
cfg_043,0.1,0.0001,0.85,1000.0,0.07,13.700000000000003,True
cfg_044,0.1,0.0001,0.85,5000.0,0.07,15.700000000000001,True
cfg_045,0.1,0.0001,0.85,10000.0,0.07,15.700000000000001,True
cfg_046,0.1,0.0001,0.85,50000.0,0.07,15.700000000000001,True
cfg_047,0.1,0.0001,0.85,100000.0,0.07,15.700000000000001,True
cfg_048,0.1,0.0001,0.85,500000.0,0.06,16.299999999999997,True
cfg_049,0.1,0.0001,0.9,1000.0,0.15,16.299999999999997,True
cfg_050,0.1,0.0001,0.9,5000.0,0.11,15.700000000000001,True
cfg_051,0.1,0.0001,0.9,10000.0,0.09,15.700000000000001,True
cfg_052,0.1,0.0001,0.9,50000.0,0.11,15.700000000000001,True
cfg_053,0.1,0.0001,0.9,100000.0,0.07,16.299999999999997,True
cfg_054,0.1,0.0001,0.9,500000.0,0.11,15.700000000000001,True
cfg_055,0.1,0.0001,0.93,1000.0,0.17,15.700000000000001,True
cfg_056,0.1,0.0001,0.93,5000.0,0.11,13.9,True
cfg_057,0.1,0.0001,0.93,10000.0,0.15,16.299999999999997,True
cfg_058,0.1,0.0001,0.93,50000.0,0.16,15.700000000000001,True
cfg_059,0.1,0.0001,0.93,100000.0,0.14,16.299999999999997,True
cfg_060,0.1,0.0001,0.93,500000.0,0.17,15.700000000000001,True
cfg_061,0.1,0.0001,0.95,1000.0,0.2,15.700000000000001,True
cfg_062,0.1,0.0001,0.95,5000.0,0.14,13.9,True
cfg_063,0.1,0.0001,0.95,10000.0,0.25,15.700000000000001,True
cfg_064,0.1,0.0001,0.95,50000.0,0.14,13.9,True
cfg_065,0.1,0.0001,0.95,100000.0,0.21,15.700000000000001,True
cfg_066,0.1,0.0001,0.95,500000.0,0.23,15.700000000000001,True
cfg_067,0.1,0.0001,0.97,1000.0,0.37,15.700000000000001,True
cfg_068,0.1,0.0001,0.97,5000.0,0.28,16.299999999999997,True
cfg_069,0.1,0.0001,0.97,10000.0,0.31,15.700000000000001,True
cfg_070,0.1,0.0001,0.97,50000.0,0.37,15.700000000000001,True
cfg_071,0.1,0.0001,0.97,100000.0,0.36,15.700000000000001,True
cfg_072,0.1,0.0001,0.97,500000.0,0.36,15.700000000000001,True
cfg_073,0.1,0.0001,0.99,1000.0,1.1,15.700000000000001,True
cfg_074,0.1,0.0001,0.99,5000.0,0.87,16.299999999999997,True
cfg_075,0.1,0.0001,0.99,10000.0,1.02,15.700000000000001,True
cfg_076,0.1,0.0001,0.99,50000.0,1.16,15.700000000000001,True
cfg_077,0.1,0.0001,0.99,100000.0,1.02,15.700000000000001,True
cfg_078,0.1,0.0001,0.99,500000.0,1.01,15.700000000000001,True
cfg_079,0.1,0.0001,0.995,1000.0,1.54,15.700000000000001,True
cfg_080,0.1,0.0001,0.995,5000.0,2.15,15.700000000000001,True
cfg_081,0.1,0.0001,0.995,10000.0,2.02,15.700000000000001,True
cfg_082,0.1,0.0001,0.995,50000.0,2.12,15.700000000000001,True
cfg_083,0.1,0.0001,0.995,100000.0,1.79,16.299999999999997,True
cfg_084,0.1,0.0001,0.995,500000.0,2.03,15.700000000000001,True
cfg_085,0.1,0.001,0.85,1000.0,0.04,16.299999999999997,True
cfg_086,0.1,0.001,0.85,5000.0,0.05,15.700000000000001,True
cfg_087,0.1,0.001,0.85,10000.0,0.04,16.299999999999997,True
cfg_088,0.1,0.001,0.85,50000.0,0.05,15.700000000000001,True
cfg_089,0.1,0.001,0.85,100000.0,0.05,15.700000000000001,True
cfg_090,0.1,0.001,0.85,500000.0,0.06,14.700000000000001,True
cfg_091,0.1,0.001,0.9,1000.0,0.07,15.700000000000001,True
cfg_092,0.1,0.001,0.9,5000.0,0.06,13.9,True
cfg_093,0.1,0.001,0.9,10000.0,0.08,15.700000000000001,True
cfg_094,0.1,0.001,0.9,50000.0,0.08,15.700000000000001,True
cfg_095,0.1,0.001,0.9,100000.0,0.07,15.700000000000001,True
cfg_096,0.1,0.001,0.9,500000.0,0.06,16.299999999999997,True
cfg_097,0.1,0.001,0.93,1000.0,0.09,16.299999999999997,True
cfg_098,0.1,0.001,0.93,5000.0,0.1,15.700000000000001,True
cfg_099,0.1,0.001,0.93,10000.0,0.14,15.700000000000001,True
cfg_100,0.1,0.001,0.93,50000.0,0.12,15.700000000000001,True
cfg_101,0.1,0.001,0.93,100000.0,0.11,15.700000000000001,True
cfg_102,0.1,0.001,0.93,500000.0,0.1,15.700000000000001,True
cfg_103,0.1,0.001,0.95,1000.0,0.11,16.299999999999997,True
cfg_104,0.1,0.001,0.95,5000.0,0.1,13.9,True
cfg_105,0.1,0.001,0.95,10000.0,0.15,15.700000000000001,True
cfg_106,0.1,0.001,0.95,50000.0,0.14,15.700000000000001,True
cfg_107,0.1,0.001,0.95,100000.0,0.16,15.700000000000001,True
cfg_108,0.1,0.001,0.95,500000.0,0.14,15.700000000000001,True
cfg_109,0.1,0.001,0.97,1000.0,0.24,15.700000000000001,True
cfg_110,0.1,0.001,0.97,5000.0,0.22,15.700000000000001,True
cfg_111,0.1,0.001,0.97,10000.0,0.3,15.700000000000001,True
cfg_112,0.1,0.001,0.97,50000.0,0.23,15.700000000000001,True
cfg_113,0.1,0.001,0.97,100000.0,0.23,15.700000000000001,True
cfg_114,0.1,0.001,0.97,500000.0,0.24,15.700000000000001,True
cfg_115,0.1,0.001,0.99,1000.0,0.7,15.700000000000001,True
cfg_116,0.1,0.001,0.99,5000.0,0.51,13.9,True
cfg_117,0.1,0.001,0.99,10000.0,0.73,15.700000000000001,True
cfg_118,0.1,0.001,0.99,50000.0,0.58,16.299999999999997,True
cfg_119,0.1,0.001,0.99,100000.0,0.71,15.700000000000001,True
cfg_120,0.1,0.001,0.99,500000.0,0.67,15.700000000000001,True
cfg_121,0.1,0.001,0.995,1000.0,1.37,15.700000000000001,True
cfg_122,0.1,0.001,0.995,5000.0,1.35,15.700000000000001,True
cfg_123,0.1,0.001,0.995,10000.0,1.39,15.700000000000001,True
cfg_124,0.1,0.001,0.995,50000.0,1.39,15.700000000000001,True
cfg_125,0.1,0.001,0.995,100000.0,1.14,16.299999999999997,True
cfg_126,0.1,0.001,0.995,500000.0,1.36,15.700000000000001,True
cfg_127,0.1,0.01,0.85,1000.0,0.02,13.9,True
cfg_128,0.1,0.01,0.85,5000.0,0.03,12.7,True
cfg_129,0.1,0.01,0.85,10000.0,0.03,16.299999999999997,True
cfg_130,0.1,0.01,0.85,50000.0,0.02,15.700000000000001,True
cfg_131,0.1,0.01,0.85,100000.0,0.05,14.9,True
cfg_132,0.1,0.01,0.85,500000.0,0.03,14.700000000000001,True
cfg_133,0.1,0.01,0.9,1000.0,0.03,13.700000000000003,True
cfg_134,0.1,0.01,0.9,5000.0,0.05,15.700000000000001,True
cfg_135,0.1,0.01,0.9,10000.0,0.04,7.099999999999998,True
cfg_136,0.1,0.01,0.9,50000.0,0.03,13.9,True
cfg_137,0.1,0.01,0.9,100000.0,0.03,16.299999999999997,True
cfg_138,0.1,0.01,0.9,500000.0,0.04,15.700000000000001,True
cfg_139,0.1,0.01,0.93,1000.0,0.06,16.299999999999997,True
cfg_140,0.1,0.01,0.93,5000.0,0.05,16.299999999999997,True
cfg_141,0.1,0.01,0.93,10000.0,0.06,15.700000000000001,True
cfg_142,0.1,0.01,0.93,50000.0,0.06,15.700000000000001,True
cfg_143,0.1,0.01,0.93,100000.0,0.06,15.700000000000001,True
cfg_144,0.1,0.01,0.93,500000.0,0.06,15.700000000000001,True
cfg_145,0.1,0.01,0.95,1000.0,0.08,15.700000000000001,True
cfg_146,0.1,0.01,0.95,5000.0,0.07,15.700000000000001,True
cfg_147,0.1,0.01,0.95,10000.0,0.08,15.700000000000001,True
cfg_148,0.1,0.01,0.95,50000.0,0.08,15.700000000000001,True
cfg_149,0.1,0.01,0.95,100000.0,0.05,16.299999999999997,True
cfg_150,0.1,0.01,0.95,500000.0,0.05,13.9,True
cfg_151,0.1,0.01,0.97,1000.0,0.12,15.700000000000001,True
cfg_152,0.1,0.01,0.97,5000.0,0.11,15.700000000000001,True
cfg_153,0.1,0.01,0.97,10000.0,0.08,13.9,True
cfg_154,0.1,0.01,0.97,50000.0,0.15,15.700000000000001,True
cfg_155,0.1,0.01,0.97,100000.0,0.13,15.700000000000001,True
cfg_156,0.1,0.01,0.97,500000.0,0.08,13.9,True
cfg_157,0.1,0.01,0.99,1000.0,0.38,15.700000000000001,True
cfg_158,0.1,0.01,0.99,5000.0,0.35,15.700000000000001,True
cfg_159,0.1,0.01,0.99,10000.0,0.25,13.9,True
cfg_160,0.1,0.01,0.99,50000.0,0.35,15.700000000000001,True
cfg_161,0.1,0.01,0.99,100000.0,0.36,15.700000000000001,True
cfg_162,0.1,0.01,0.99,500000.0,0.26,13.9,True
cfg_163,0.1,0.01,0.995,1000.0,0.66,15.700000000000001,True
cfg_164,0.1,0.01,0.995,5000.0,0.68,15.700000000000001,True
cfg_165,0.1,0.01,0.995,10000.0,0.7,15.700000000000001,True
cfg_166,0.1,0.01,0.995,50000.0,0.57,16.299999999999997,True
cfg_167,0.1,0.01,0.995,100000.0,0.68,15.700000000000001,True
cfg_168,0.1,0.01,0.995,500000.0,0.74,15.700000000000001,True
cfg_169,0.1,0.1,0.85,1000.0,0.0,-3.3,True
cfg_170,0.1,0.1,0.85,5000.0,0.0,-3.3,True
cfg_171,0.1,0.1,0.85,10000.0,0.0,-3.3,True
cfg_172,0.1,0.1,0.85,50000.0,0.0,-3.3,True
cfg_173,0.1,0.1,0.85,100000.0,0.0,-3.3,True
cfg_174,0.1,0.1,0.85,500000.0,0.0,-3.3,True
cfg_175,0.1,0.1,0.9,1000.0,0.0,-3.3,True
cfg_176,0.1,0.1,0.9,5000.0,0.0,-3.3,True
cfg_177,0.1,0.1,0.9,10000.0,0.0,-3.3,True
cfg_178,0.1,0.1,0.9,50000.0,0.0,-3.3,True
cfg_179,0.1,0.1,0.9,100000.0,0.0,-3.3,True
cfg_180,0.1,0.1,0.9,500000.0,0.0,-3.3,True
cfg_181,0.1,0.1,0.93,1000.0,0.0,-3.3,True
cfg_182,0.1,0.1,0.93,5000.0,0.0,-3.3,True
cfg_183,0.1,0.1,0.93,10000.0,0.0,-3.3,True
cfg_184,0.1,0.1,0.93,50000.0,0.0,-3.3,True
cfg_185,0.1,0.1,0.93,100000.0,0.0,-3.3,True
cfg_186,0.1,0.1,0.93,500000.0,0.0,-3.3,True
cfg_187,0.1,0.1,0.95,1000.0,0.0,-3.3,True
cfg_188,0.1,0.1,0.95,5000.0,0.0,-3.3,True
cfg_189,0.1,0.1,0.95,10000.0,0.0,-3.3,True
cfg_190,0.1,0.1,0.95,50000.0,0.0,-3.3,True
cfg_191,0.1,0.1,0.95,100000.0,0.0,-3.3,True
cfg_192,0.1,0.1,0.95,500000.0,0.0,-3.3,True
cfg_193,0.1,0.1,0.97,1000.0,0.0,-3.3,True
cfg_194,0.1,0.1,0.97,5000.0,0.0,-3.3,True
cfg_195,0.1,0.1,0.97,10000.0,0.0,-3.3,True
cfg_196,0.1,0.1,0.97,50000.0,0.0,-3.3,True
cfg_197,0.1,0.1,0.97,100000.0,0.0,-3.3,True
cfg_198,0.1,0.1,0.97,500000.0,0.0,-3.3,True
cfg_199,0.1,0.1,0.99,1000.0,0.0,-3.3,True
cfg_200,0.1,0.1,0.99,5000.0,0.0,-3.3,True
cfg_201,0.1,0.1,0.99,10000.0,0.0,-3.3,True
cfg_202,0.1,0.1,0.99,50000.0,0.0,-3.3,True
cfg_203,0.1,0.1,0.99,100000.0,0.0,-3.3,True
cfg_204,0.1,0.1,0.99,500000.0,0.0,-3.3,True
cfg_205,0.1,0.1,0.995,1000.0,0.0,-3.3,True
cfg_206,0.1,0.1,0.995,5000.0,0.0,-3.3,True
cfg_207,0.1,0.1,0.995,10000.0,0.0,-3.3,True
cfg_208,0.1,0.1,0.995,50000.0,0.0,-3.3,True
cfg_209,0.1,0.1,0.995,100000.0,0.0,-3.3,True
cfg_210,0.1,0.1,0.995,500000.0,0.0,-3.3,True
cfg_211,0.1,1.0,0.85,1000.0,0.0,-3.3,True
cfg_212,0.1,1.0,0.85,5000.0,0.0,-3.3,True
cfg_213,0.1,1.0,0.85,10000.0,0.0,-3.3,True
cfg_214,0.1,1.0,0.85,50000.0,0.0,-3.3,True
cfg_215,0.1,1.0,0.85,100000.0,0.0,-3.3,True
cfg_216,0.1,1.0,0.85,500000.0,0.0,-3.3,True
cfg_217,0.1,1.0,0.9,1000.0,0.0,-3.3,True
cfg_218,0.1,1.0,0.9,5000.0,0.0,-3.3,True
cfg_219,0.1,1.0,0.9,10000.0,0.0,-3.3,True
cfg_220,0.1,1.0,0.9,50000.0,0.0,-3.3,True
cfg_221,0.1,1.0,0.9,100000.0,0.0,-3.3,True
cfg_222,0.1,1.0,0.9,500000.0,0.0,-3.3,True
cfg_223,0.1,1.0,0.93,1000.0,0.0,-3.3,True
cfg_224,0.1,1.0,0.93,5000.0,0.0,-3.3,True
cfg_225,0.1,1.0,0.93,10000.0,0.0,-3.3,True
cfg_226,0.1,1.0,0.93,50000.0,0.0,-3.3,True
cfg_227,0.1,1.0,0.93,100000.0,0.0,-3.3,True
cfg_228,0.1,1.0,0.93,500000.0,0.0,-3.3,True
cfg_229,0.1,1.0,0.95,1000.0,0.0,-3.3,True
cfg_230,0.1,1.0,0.95,5000.0,0.0,-3.3,True
cfg_231,0.1,1.0,0.95,10000.0,0.0,-3.3,True
cfg_232,0.1,1.0,0.95,50000.0,0.0,-3.3,True
cfg_233,0.1,1.0,0.95,100000.0,0.0,-3.3,True
cfg_234,0.1,1.0,0.95,500000.0,0.0,-3.3,True
cfg_235,0.1,1.0,0.97,1000.0,0.0,-3.3,True
cfg_236,0.1,1.0,0.97,5000.0,0.0,-3.3,True
cfg_237,0.1,1.0,0.97,10000.0,0.0,-3.3,True
cfg_238,0.1,1.0,0.97,50000.0,0.0,-3.3,True
cfg_239,0.1,1.0,0.97,100000.0,0.0,-3.3,True
cfg_240,0.1,1.0,0.97,500000.0,0.0,-3.3,True
cfg_241,0.1,1.0,0.99,1000.0,0.0,-3.3,True
cfg_242,0.1,1.0,0.99,5000.0,0.0,-3.3,True
cfg_243,0.1,1.0,0.99,10000.0,0.0,-3.3,True
cfg_244,0.1,1.0,0.99,50000.0,0.0,-3.3,True
cfg_245,0.1,1.0,0.99,100000.0,0.0,-3.3,True
cfg_246,0.1,1.0,0.99,500000.0,0.0,-3.3,True
cfg_247,0.1,1.0,0.995,1000.0,0.0,-3.3,True
cfg_248,0.1,1.0,0.995,5000.0,0.0,-3.3,True
cfg_249,0.1,1.0,0.995,10000.0,0.0,-3.3,True
cfg_250,0.1,1.0,0.995,50000.0,0.0,-3.3,True
cfg_251,0.1,1.0,0.995,100000.0,0.0,-3.3,True
cfg_252,0.1,1.0,0.995,500000.0,0.0,-3.3,True
cfg_253,1.0,1e-06,0.85,1000.0,0.12,15.700000000000001,True
cfg_254,1.0,1e-06,0.85,5000.0,0.17,15.700000000000001,True
cfg_255,1.0,1e-06,0.85,10000.0,0.14,16.299999999999997,True
cfg_256,1.0,1e-06,0.85,50000.0,0.15,15.700000000000001,True
cfg_257,1.0,1e-06,0.85,100000.0,0.11,16.299999999999997,True
cfg_258,1.0,1e-06,0.85,500000.0,0.13,15.700000000000001,True
cfg_259,1.0,1e-06,0.9,1000.0,0.21,15.700000000000001,True
cfg_260,1.0,1e-06,0.9,5000.0,0.17,16.299999999999997,True
cfg_261,1.0,1e-06,0.9,10000.0,0.18,15.700000000000001,True
cfg_262,1.0,1e-06,0.9,50000.0,0.22,15.700000000000001,True
cfg_263,1.0,1e-06,0.9,100000.0,0.2,15.700000000000001,True
cfg_264,1.0,1e-06,0.9,500000.0,0.13,13.9,True
cfg_265,1.0,1e-06,0.93,1000.0,0.25,16.299999999999997,True
cfg_266,1.0,1e-06,0.93,5000.0,0.31,15.700000000000001,True
cfg_267,1.0,1e-06,0.93,10000.0,0.25,16.299999999999997,True
cfg_268,1.0,1e-06,0.93,50000.0,0.3,15.700000000000001,True
cfg_269,1.0,1e-06,0.93,100000.0,0.26,16.299999999999997,True
cfg_270,1.0,1e-06,0.93,500000.0,0.29,15.700000000000001,True
cfg_271,1.0,1e-06,0.95,1000.0,0.41,15.700000000000001,True
cfg_272,1.0,1e-06,0.95,5000.0,0.35,16.299999999999997,True
cfg_273,1.0,1e-06,0.95,10000.0,0.4,15.700000000000001,True
cfg_274,1.0,1e-06,0.95,50000.0,0.4,15.700000000000001,True
cfg_275,1.0,1e-06,0.95,100000.0,0.28,13.9,True
cfg_276,1.0,1e-06,0.95,500000.0,0.41,15.700000000000001,True
cfg_277,1.0,1e-06,0.97,1000.0,0.57,16.299999999999997,True
cfg_278,1.0,1e-06,0.97,5000.0,0.48,13.9,True
cfg_279,1.0,1e-06,0.97,10000.0,0.75,15.700000000000001,True
cfg_280,1.0,1e-06,0.97,50000.0,0.59,16.299999999999997,True
cfg_281,1.0,1e-06,0.97,100000.0,0.7,15.700000000000001,True
cfg_282,1.0,1e-06,0.97,500000.0,0.45,13.9,True
cfg_283,1.0,1e-06,0.99,1000.0,1.24,16.299999999999997,True
cfg_284,1.0,1e-06,0.99,5000.0,1.77,16.299999999999997,True
cfg_285,1.0,1e-06,0.99,10000.0,2.03,15.700000000000001,True
cfg_286,1.0,1e-06,0.99,50000.0,1.74,16.299999999999997,True
cfg_287,1.0,1e-06,0.99,100000.0,1.48,13.9,True
cfg_288,1.0,1e-06,0.99,500000.0,1.74,16.299999999999997,True
cfg_289,1.0,1e-06,0.995,1000.0,1.5,15.700000000000001,True
cfg_290,1.0,1e-06,0.995,5000.0,4.2,15.700000000000001,True
cfg_291,1.0,1e-06,0.995,10000.0,3.5,16.299999999999997,True
cfg_292,1.0,1e-06,0.995,50000.0,3.55,16.299999999999997,True
cfg_293,1.0,1e-06,0.995,100000.0,4.15,15.700000000000001,True
cfg_294,1.0,1e-06,0.995,500000.0,3.48,16.299999999999997,True
cfg_295,1.0,0.0001,0.85,1000.0,0.08,15.700000000000001,True
cfg_296,1.0,0.0001,0.85,5000.0,0.09,15.700000000000001,True
cfg_297,1.0,0.0001,0.85,10000.0,0.1,15.700000000000001,True
cfg_298,1.0,0.0001,0.85,50000.0,0.09,15.700000000000001,True
cfg_299,1.0,0.0001,0.85,100000.0,0.08,15.700000000000001,True
cfg_300,1.0,0.0001,0.85,500000.0,0.08,15.700000000000001,True
cfg_301,1.0,0.0001,0.9,1000.0,0.12,16.299999999999997,True
cfg_302,1.0,0.0001,0.9,5000.0,0.13,15.700000000000001,True
cfg_303,1.0,0.0001,0.9,10000.0,0.18,15.700000000000001,True
cfg_304,1.0,0.0001,0.9,50000.0,0.13,15.700000000000001,True
cfg_305,1.0,0.0001,0.9,100000.0,0.15,15.700000000000001,True
cfg_306,1.0,0.0001,0.9,500000.0,0.13,15.700000000000001,True
cfg_307,1.0,0.0001,0.93,1000.0,0.21,15.700000000000001,True
cfg_308,1.0,0.0001,0.93,5000.0,0.16,16.299999999999997,True
cfg_309,1.0,0.0001,0.93,10000.0,0.2,15.700000000000001,True
cfg_310,1.0,0.0001,0.93,50000.0,0.21,15.700000000000001,True
cfg_311,1.0,0.0001,0.93,100000.0,0.17,16.299999999999997,True
cfg_312,1.0,0.0001,0.93,500000.0,0.18,15.700000000000001,True
cfg_313,1.0,0.0001,0.95,1000.0,0.24,16.299999999999997,True
cfg_314,1.0,0.0001,0.95,5000.0,0.26,15.700000000000001,True
cfg_315,1.0,0.0001,0.95,10000.0,0.29,15.700000000000001,True
cfg_316,1.0,0.0001,0.95,50000.0,0.27,15.700000000000001,True
cfg_317,1.0,0.0001,0.95,100000.0,0.27,15.700000000000001,True
cfg_318,1.0,0.0001,0.95,500000.0,0.26,15.700000000000001,True
cfg_319,1.0,0.0001,0.97,1000.0,0.46,15.700000000000001,True
cfg_320,1.0,0.0001,0.97,5000.0,0.44,15.700000000000001,True
cfg_321,1.0,0.0001,0.97,10000.0,0.48,15.700000000000001,True
cfg_322,1.0,0.0001,0.97,50000.0,0.38,16.299999999999997,True
cfg_323,1.0,0.0001,0.97,100000.0,0.4,16.299999999999997,True
cfg_324,1.0,0.0001,0.97,500000.0,0.41,16.299999999999997,True
cfg_325,1.0,0.0001,0.99,1000.0,1.35,15.700000000000001,True
cfg_326,1.0,0.0001,0.99,5000.0,1.2,16.299999999999997,True
cfg_327,1.0,0.0001,0.99,10000.0,1.15,16.299999999999997,True
cfg_328,1.0,0.0001,0.99,50000.0,1.32,15.700000000000001,True
cfg_329,1.0,0.0001,0.99,100000.0,1.38,15.700000000000001,True
cfg_330,1.0,0.0001,0.99,500000.0,1.34,15.700000000000001,True
cfg_331,1.0,0.0001,0.995,1000.0,1.52,15.700000000000001,True
cfg_332,1.0,0.0001,0.995,5000.0,2.72,15.700000000000001,True
cfg_333,1.0,0.0001,0.995,10000.0,2.75,15.700000000000001,True
cfg_334,1.0,0.0001,0.995,50000.0,1.85,13.9,True
cfg_335,1.0,0.0001,0.995,100000.0,2.73,15.700000000000001,True
cfg_336,1.0,0.0001,0.995,500000.0,2.29,16.299999999999997,True
cfg_337,1.0,0.001,0.85,1000.0,0.05,16.299999999999997,True
cfg_338,1.0,0.001,0.85,5000.0,0.07,15.700000000000001,True
cfg_339,1.0,0.001,0.85,10000.0,0.06,16.299999999999997,True
cfg_340,1.0,0.001,0.85,50000.0,0.06,15.700000000000001,True
cfg_341,1.0,0.001,0.85,100000.0,0.08,15.700000000000001,True
cfg_342,1.0,0.001,0.85,500000.0,0.06,15.700000000000001,True
cfg_343,1.0,0.001,0.9,1000.0,0.1,13.9,True
cfg_344,1.0,0.001,0.9,5000.0,0.11,15.700000000000001,True
cfg_345,1.0,0.001,0.9,10000.0,0.1,15.700000000000001,True
cfg_346,1.0,0.001,0.9,50000.0,0.06,13.9,True
cfg_347,1.0,0.001,0.9,100000.0,0.1,15.700000000000001,True
cfg_348,1.0,0.001,0.9,500000.0,0.1,15.700000000000001,True
cfg_349,1.0,0.001,0.93,1000.0,0.16,15.700000000000001,True
cfg_350,1.0,0.001,0.93,5000.0,0.13,15.700000000000001,True
cfg_351,1.0,0.001,0.93,10000.0,0.12,13.9,True
cfg_352,1.0,0.001,0.93,50000.0,0.16,15.700000000000001,True
cfg_353,1.0,0.001,0.93,100000.0,0.16,15.700000000000001,True
cfg_354,1.0,0.001,0.93,500000.0,0.12,16.299999999999997,True
cfg_355,1.0,0.001,0.95,1000.0,0.18,16.299999999999997,True
cfg_356,1.0,0.001,0.95,5000.0,0.21,15.700000000000001,True
cfg_357,1.0,0.001,0.95,10000.0,0.18,15.700000000000001,True
cfg_358,1.0,0.001,0.95,50000.0,0.16,16.299999999999997,True
cfg_359,1.0,0.001,0.95,100000.0,0.26,15.700000000000001,True
cfg_360,1.0,0.001,0.95,500000.0,0.19,15.700000000000001,True
cfg_361,1.0,0.001,0.97,1000.0,0.33,15.700000000000001,True
cfg_362,1.0,0.001,0.97,5000.0,0.3,16.299999999999997,True
cfg_363,1.0,0.001,0.97,10000.0,0.31,15.700000000000001,True
cfg_364,1.0,0.001,0.97,50000.0,0.36,15.700000000000001,True
cfg_365,1.0,0.001,0.97,100000.0,0.33,15.700000000000001,True
cfg_366,1.0,0.001,0.97,500000.0,0.36,15.700000000000001,True
cfg_367,1.0,0.001,0.99,1000.0,0.89,16.299999999999997,True
cfg_368,1.0,0.001,0.99,5000.0,0.88,16.299999999999997,True
cfg_369,1.0,0.001,0.99,10000.0,1.01,15.700000000000001,True
cfg_370,1.0,0.001,0.99,50000.0,1.0,15.700000000000001,True
cfg_371,1.0,0.001,0.99,100000.0,1.01,15.700000000000001,True
cfg_372,1.0,0.001,0.99,500000.0,0.91,16.299999999999997,True
cfg_373,1.0,0.001,0.995,1000.0,1.24,16.299999999999997,True
cfg_374,1.0,0.001,0.995,5000.0,1.83,16.299999999999997,True
cfg_375,1.0,0.001,0.995,10000.0,2.07,15.700000000000001,True
cfg_376,1.0,0.001,0.995,50000.0,2.05,15.700000000000001,True
cfg_377,1.0,0.001,0.995,100000.0,2.08,16.299999999999997,True
cfg_378,1.0,0.001,0.995,500000.0,2.05,15.700000000000001,True
cfg_379,1.0,0.01,0.85,1000.0,0.05,15.700000000000001,True
cfg_380,1.0,0.01,0.85,5000.0,0.05,15.700000000000001,True
cfg_381,1.0,0.01,0.85,10000.0,0.04,15.700000000000001,True
cfg_382,1.0,0.01,0.85,50000.0,0.05,15.700000000000001,True
cfg_383,1.0,0.01,0.85,100000.0,0.05,16.299999999999997,True
cfg_384,1.0,0.01,0.85,500000.0,0.05,15.700000000000001,True
cfg_385,1.0,0.01,0.9,1000.0,0.04,13.9,True
cfg_386,1.0,0.01,0.9,5000.0,0.07,16.299999999999997,True
cfg_387,1.0,0.01,0.9,10000.0,0.06,16.299999999999997,True
cfg_388,1.0,0.01,0.9,50000.0,0.08,15.700000000000001,True
cfg_389,1.0,0.01,0.9,100000.0,0.06,13.9,True
cfg_390,1.0,0.01,0.9,500000.0,0.08,15.700000000000001,True
cfg_391,1.0,0.01,0.93,1000.0,0.11,15.700000000000001,True
cfg_392,1.0,0.01,0.93,5000.0,0.11,15.700000000000001,True
cfg_393,1.0,0.01,0.93,10000.0,0.11,15.700000000000001,True
cfg_394,1.0,0.01,0.93,50000.0,0.09,15.700000000000001,True
cfg_395,1.0,0.01,0.93,100000.0,0.12,15.700000000000001,True
cfg_396,1.0,0.01,0.93,500000.0,0.07,13.9,True
cfg_397,1.0,0.01,0.95,1000.0,0.13,15.700000000000001,True
cfg_398,1.0,0.01,0.95,5000.0,0.17,15.700000000000001,True
cfg_399,1.0,0.01,0.95,10000.0,0.13,16.299999999999997,True
cfg_400,1.0,0.01,0.95,50000.0,0.14,15.700000000000001,True
cfg_401,1.0,0.01,0.95,100000.0,0.16,15.700000000000001,True
cfg_402,1.0,0.01,0.95,500000.0,0.13,15.700000000000001,True
cfg_403,1.0,0.01,0.97,1000.0,0.15,13.9,True
cfg_404,1.0,0.01,0.97,5000.0,0.17,13.9,True
cfg_405,1.0,0.01,0.97,10000.0,0.24,15.700000000000001,True
cfg_406,1.0,0.01,0.97,50000.0,0.26,15.700000000000001,True
cfg_407,1.0,0.01,0.97,100000.0,0.23,15.700000000000001,True
cfg_408,1.0,0.01,0.97,500000.0,0.19,16.299999999999997,True
cfg_409,1.0,0.01,0.99,1000.0,0.46,13.9,True
cfg_410,1.0,0.01,0.99,5000.0,0.7,15.700000000000001,True
cfg_411,1.0,0.01,0.99,10000.0,0.68,15.700000000000001,True
cfg_412,1.0,0.01,0.99,50000.0,0.57,16.299999999999997,True
cfg_413,1.0,0.01,0.99,100000.0,0.67,15.700000000000001,True
cfg_414,1.0,0.01,0.99,500000.0,0.44,13.9,True
cfg_415,1.0,0.01,0.995,1000.0,1.33,15.700000000000001,True
cfg_416,1.0,0.01,0.995,5000.0,1.36,15.700000000000001,True
cfg_417,1.0,0.01,0.995,10000.0,1.37,15.700000000000001,True
cfg_418,1.0,0.01,0.995,50000.0,0.92,13.9,True
cfg_419,1.0,0.01,0.995,100000.0,1.36,15.700000000000001,True
cfg_420,1.0,0.01,0.995,500000.0,0.97,13.9,True
cfg_421,1.0,0.1,0.85,1000.0,0.03,14.9,True
cfg_422,1.0,0.1,0.85,5000.0,0.02,15.700000000000001,True
cfg_423,1.0,0.1,0.85,10000.0,0.03,7.099999999999998,True
cfg_424,1.0,0.1,0.85,50000.0,0.02,15.700000000000001,True
cfg_425,1.0,0.1,0.85,100000.0,0.03,14.700000000000001,True
cfg_426,1.0,0.1,0.85,500000.0,0.03,16.299999999999997,True
cfg_427,1.0,0.1,0.9,1000.0,0.04,13.9,True
cfg_428,1.0,0.1,0.9,5000.0,0.04,15.700000000000001,True
cfg_429,1.0,0.1,0.9,10000.0,0.03,15.700000000000001,True
cfg_430,1.0,0.1,0.9,50000.0,0.03,13.9,True
cfg_431,1.0,0.1,0.9,100000.0,0.04,13.700000000000003,True
cfg_432,1.0,0.1,0.9,500000.0,0.04,15.700000000000001,True
cfg_433,1.0,0.1,0.93,1000.0,0.06,15.700000000000001,True
cfg_434,1.0,0.1,0.93,5000.0,0.05,16.299999999999997,True
cfg_435,1.0,0.1,0.93,10000.0,0.05,16.299999999999997,True
cfg_436,1.0,0.1,0.93,50000.0,0.05,16.299999999999997,True
cfg_437,1.0,0.1,0.93,100000.0,0.09,15.700000000000001,True
cfg_438,1.0,0.1,0.93,500000.0,0.05,14.9,True
cfg_439,1.0,0.1,0.95,1000.0,0.08,15.700000000000001,True
cfg_440,1.0,0.1,0.95,5000.0,0.07,15.700000000000001,True
cfg_441,1.0,0.1,0.95,10000.0,0.07,15.700000000000001,True
cfg_442,1.0,0.1,0.95,50000.0,0.04,13.9,True
cfg_443,1.0,0.1,0.95,100000.0,0.07,15.700000000000001,True
cfg_444,1.0,0.1,0.95,500000.0,0.08,15.700000000000001,True
cfg_445,1.0,0.1,0.97,1000.0,0.11,16.299999999999997,True
cfg_446,1.0,0.1,0.97,5000.0,0.11,16.299999999999997,True
cfg_447,1.0,0.1,0.97,10000.0,0.1,16.299999999999997,True
cfg_448,1.0,0.1,0.97,50000.0,0.1,16.299999999999997,True
cfg_449,1.0,0.1,0.97,100000.0,0.12,15.700000000000001,True
cfg_450,1.0,0.1,0.97,500000.0,0.11,16.299999999999997,True
cfg_451,1.0,0.1,0.99,1000.0,0.33,15.700000000000001,True
cfg_452,1.0,0.1,0.99,5000.0,0.35,16.299999999999997,True
cfg_453,1.0,0.1,0.99,10000.0,0.36,15.700000000000001,True
cfg_454,1.0,0.1,0.99,50000.0,0.29,16.299999999999997,True
cfg_455,1.0,0.1,0.99,100000.0,0.34,15.700000000000001,True
cfg_456,1.0,0.1,0.99,500000.0,0.31,16.299999999999997,True
cfg_457,1.0,0.1,0.995,1000.0,0.68,15.700000000000001,True
cfg_458,1.0,0.1,0.995,5000.0,0.58,16.299999999999997,True
cfg_459,1.0,0.1,0.995,10000.0,0.76,15.700000000000001,True
cfg_460,1.0,0.1,0.995,50000.0,0.72,15.700000000000001,True
cfg_461,1.0,0.1,0.995,100000.0,0.7,15.700000000000001,True
cfg_462,1.0,0.1,0.995,500000.0,0.7,15.700000000000001,True
cfg_463,1.0,1.0,0.85,1000.0,0.0,-3.3,True
cfg_464,1.0,1.0,0.85,5000.0,0.0,-3.3,True
cfg_465,1.0,1.0,0.85,10000.0,0.0,-3.3,True
cfg_466,1.0,1.0,0.85,50000.0,0.0,-3.3,True
cfg_467,1.0,1.0,0.85,100000.0,0.0,-3.3,True
cfg_468,1.0,1.0,0.85,500000.0,0.0,-3.3,True
cfg_469,1.0,1.0,0.9,1000.0,0.0,-3.3,True
cfg_470,1.0,1.0,0.9,5000.0,0.0,-3.3,True
cfg_471,1.0,1.0,0.9,10000.0,0.0,-3.3,True
cfg_472,1.0,1.0,0.9,50000.0,0.0,-3.3,True
cfg_473,1.0,1.0,0.9,100000.0,0.0,-3.3,True
cfg_474,1.0,1.0,0.9,500000.0,0.0,-3.3,True
cfg_475,1.0,1.0,0.93,1000.0,0.0,-3.3,True
cfg_476,1.0,1.0,0.93,5000.0,0.0,-3.3,True
cfg_477,1.0,1.0,0.93,10000.0,0.0,-3.3,True
cfg_478,1.0,1.0,0.93,50000.0,0.0,-3.3,True
cfg_479,1.0,1.0,0.93,100000.0,0.0,-3.3,True
cfg_480,1.0,1.0,0.93,500000.0,0.0,-3.3,True
cfg_481,1.0,1.0,0.95,1000.0,0.0,-3.3,True
cfg_482,1.0,1.0,0.95,5000.0,0.0,-3.3,True
cfg_483,1.0,1.0,0.95,10000.0,0.0,-3.3,True
cfg_484,1.0,1.0,0.95,50000.0,0.0,-3.3,True
cfg_485,1.0,1.0,0.95,100000.0,0.0,-3.3,True
cfg_486,1.0,1.0,0.95,500000.0,0.0,-3.3,True
cfg_487,1.0,1.0,0.97,1000.0,0.0,-3.3,True
cfg_488,1.0,1.0,0.97,5000.0,0.0,-3.3,True
cfg_489,1.0,1.0,0.97,10000.0,0.0,-3.3,True
cfg_490,1.0,1.0,0.97,50000.0,0.0,-3.3,True
cfg_491,1.0,1.0,0.97,100000.0,0.0,-3.3,True
cfg_492,1.0,1.0,0.97,500000.0,0.0,-3.3,True
cfg_493,1.0,1.0,0.99,1000.0,0.0,-3.3,True
cfg_494,1.0,1.0,0.99,5000.0,0.0,-3.3,True
cfg_495,1.0,1.0,0.99,10000.0,0.0,-3.3,True
cfg_496,1.0,1.0,0.99,50000.0,0.0,-3.3,True
cfg_497,1.0,1.0,0.99,100000.0,0.0,-3.3,True
cfg_498,1.0,1.0,0.99,500000.0,0.0,-3.3,True
cfg_499,1.0,1.0,0.995,1000.0,0.0,-3.3,True
cfg_500,1.0,1.0,0.995,5000.0,0.0,-3.3,True
cfg_501,1.0,1.0,0.995,10000.0,0.0,-3.3,True
cfg_502,1.0,1.0,0.995,50000.0,0.0,-3.3,True
cfg_503,1.0,1.0,0.995,100000.0,0.0,-3.3,True
cfg_504,1.0,1.0,0.995,500000.0,0.0,-3.3,True
cfg_505,10.0,1e-06,0.85,1000.0,0.14,15.700000000000001,True
cfg_506,10.0,1e-06,0.85,5000.0,0.14,16.299999999999997,True
cfg_507,10.0,1e-06,0.85,10000.0,0.15,15.700000000000001,True
cfg_508,10.0,1e-06,0.85,50000.0,0.14,15.700000000000001,True
cfg_509,10.0,1e-06,0.85,100000.0,0.11,13.9,True
cfg_510,10.0,1e-06,0.85,500000.0,0.16,15.700000000000001,True
cfg_511,10.0,1e-06,0.9,1000.0,0.23,15.700000000000001,True
cfg_512,10.0,1e-06,0.9,5000.0,0.24,15.700000000000001,True
cfg_513,10.0,1e-06,0.9,10000.0,0.2,15.700000000000001,True
cfg_514,10.0,1e-06,0.9,50000.0,0.22,15.700000000000001,True
cfg_515,10.0,1e-06,0.9,100000.0,0.23,15.700000000000001,True
cfg_516,10.0,1e-06,0.9,500000.0,0.23,15.700000000000001,True
cfg_517,10.0,1e-06,0.93,1000.0,0.31,16.299999999999997,True
cfg_518,10.0,1e-06,0.93,5000.0,0.34,16.299999999999997,True
cfg_519,10.0,1e-06,0.93,10000.0,0.34,15.700000000000001,True
cfg_520,10.0,1e-06,0.93,50000.0,0.33,15.700000000000001,True
cfg_521,10.0,1e-06,0.93,100000.0,0.35,15.700000000000001,True
cfg_522,10.0,1e-06,0.93,500000.0,0.22,13.9,True
cfg_523,10.0,1e-06,0.95,1000.0,0.5,16.299999999999997,True
cfg_524,10.0,1e-06,0.95,5000.0,0.47,15.700000000000001,True
cfg_525,10.0,1e-06,0.95,10000.0,0.31,15.700000000000001,True
cfg_526,10.0,1e-06,0.95,50000.0,0.52,15.700000000000001,True
cfg_527,10.0,1e-06,0.95,100000.0,0.49,15.700000000000001,True
cfg_528,10.0,1e-06,0.95,500000.0,0.32,14.700000000000001,True
cfg_529,10.0,1e-06,0.97,1000.0,0.81,16.299999999999997,True
cfg_530,10.0,1e-06,0.97,5000.0,0.66,16.299999999999997,True
cfg_531,10.0,1e-06,0.97,10000.0,0.79,15.700000000000001,True
cfg_532,10.0,1e-06,0.97,50000.0,0.72,16.299999999999997,True
cfg_533,10.0,1e-06,0.97,100000.0,0.7,16.299999999999997,True
cfg_534,10.0,1e-06,0.97,500000.0,0.65,16.299999999999997,True
cfg_535,10.0,1e-06,0.99,1000.0,1.49,16.299999999999997,True
cfg_536,10.0,1e-06,0.99,5000.0,2.35,16.299999999999997,True
cfg_537,10.0,1e-06,0.99,10000.0,2.42,16.299999999999997,True
cfg_538,10.0,1e-06,0.99,50000.0,2.15,16.299999999999997,True
cfg_539,10.0,1e-06,0.99,100000.0,2.06,16.299999999999997,True
cfg_540,10.0,1e-06,0.99,500000.0,2.46,16.299999999999997,True
cfg_541,10.0,1e-06,0.995,1000.0,1.55,16.299999999999997,True
cfg_542,10.0,1e-06,0.995,5000.0,4.23,16.299999999999997,True
cfg_543,10.0,1e-06,0.995,10000.0,4.16,16.299999999999997,True
cfg_544,10.0,1e-06,0.995,50000.0,4.31,16.299999999999997,True
cfg_545,10.0,1e-06,0.995,100000.0,4.15,16.299999999999997,True
cfg_546,10.0,1e-06,0.995,500000.0,4.7,16.299999999999997,True
cfg_547,10.0,0.0001,0.85,1000.0,0.11,15.700000000000001,True
cfg_548,10.0,0.0001,0.85,5000.0,0.11,14.9,True
cfg_549,10.0,0.0001,0.85,10000.0,0.11,15.700000000000001,True
cfg_550,10.0,0.0001,0.85,50000.0,0.09,16.299999999999997,True
cfg_551,10.0,0.0001,0.85,100000.0,0.12,15.700000000000001,True
cfg_552,10.0,0.0001,0.85,500000.0,0.12,15.700000000000001,True
cfg_553,10.0,0.0001,0.9,1000.0,0.17,15.700000000000001,True
cfg_554,10.0,0.0001,0.9,5000.0,0.23,15.700000000000001,True
cfg_555,10.0,0.0001,0.9,10000.0,0.16,15.700000000000001,True
cfg_556,10.0,0.0001,0.9,50000.0,0.16,16.299999999999997,True
cfg_557,10.0,0.0001,0.9,100000.0,0.19,15.700000000000001,True
cfg_558,10.0,0.0001,0.9,500000.0,0.17,15.700000000000001,True
cfg_559,10.0,0.0001,0.93,1000.0,0.23,16.299999999999997,True
cfg_560,10.0,0.0001,0.93,5000.0,0.21,16.299999999999997,True
cfg_561,10.0,0.0001,0.93,10000.0,0.21,16.299999999999997,True
cfg_562,10.0,0.0001,0.93,50000.0,0.25,15.700000000000001,True
cfg_563,10.0,0.0001,0.93,100000.0,0.23,16.299999999999997,True
cfg_564,10.0,0.0001,0.93,500000.0,0.22,16.299999999999997,True
cfg_565,10.0,0.0001,0.95,1000.0,0.33,16.299999999999997,True
cfg_566,10.0,0.0001,0.95,5000.0,0.38,15.700000000000001,True
cfg_567,10.0,0.0001,0.95,10000.0,0.3,16.299999999999997,True
cfg_568,10.0,0.0001,0.95,50000.0,0.33,15.700000000000001,True
cfg_569,10.0,0.0001,0.95,100000.0,0.29,16.299999999999997,True
cfg_570,10.0,0.0001,0.95,500000.0,0.3,16.299999999999997,True
cfg_571,10.0,0.0001,0.97,1000.0,0.51,16.299999999999997,True
cfg_572,10.0,0.0001,0.97,5000.0,0.39,15.700000000000001,True
cfg_573,10.0,0.0001,0.97,10000.0,0.5,16.299999999999997,True
cfg_574,10.0,0.0001,0.97,50000.0,0.5,16.299999999999997,True
cfg_575,10.0,0.0001,0.97,100000.0,0.61,15.700000000000001,True
cfg_576,10.0,0.0001,0.97,500000.0,0.47,16.299999999999997,True
cfg_577,10.0,0.0001,0.99,1000.0,1.32,16.299999999999997,True
cfg_578,10.0,0.0001,0.99,5000.0,1.75,16.299999999999997,True
cfg_579,10.0,0.0001,0.99,10000.0,1.47,16.299999999999997,True
cfg_580,10.0,0.0001,0.99,50000.0,1.28,16.299999999999997,True
cfg_581,10.0,0.0001,0.99,100000.0,1.5,16.299999999999997,True
cfg_582,10.0,0.0001,0.99,500000.0,1.25,16.299999999999997,True
cfg_583,10.0,0.0001,0.995,1000.0,1.47,16.299999999999997,True
cfg_584,10.0,0.0001,0.995,5000.0,3.07,16.299999999999997,True
cfg_585,10.0,0.0001,0.995,10000.0,3.49,16.299999999999997,True
cfg_586,10.0,0.0001,0.995,50000.0,2.59,16.299999999999997,True
cfg_587,10.0,0.0001,0.995,100000.0,2.54,16.299999999999997,True
cfg_588,10.0,0.0001,0.995,500000.0,3.42,16.299999999999997,True
cfg_589,10.0,0.001,0.85,1000.0,0.09,15.700000000000001,True
cfg_590,10.0,0.001,0.85,5000.0,0.09,15.700000000000001,True
cfg_591,10.0,0.001,0.85,10000.0,0.1,15.700000000000001,True
cfg_592,10.0,0.001,0.85,50000.0,0.1,15.700000000000001,True
cfg_593,10.0,0.001,0.85,100000.0,0.08,15.700000000000001,True
cfg_594,10.0,0.001,0.85,500000.0,0.09,15.700000000000001,True
cfg_595,10.0,0.001,0.9,1000.0,0.13,16.299999999999997,True
cfg_596,10.0,0.001,0.9,5000.0,0.18,16.299999999999997,True
cfg_597,10.0,0.001,0.9,10000.0,0.12,16.299999999999997,True
cfg_598,10.0,0.001,0.9,50000.0,0.13,15.700000000000001,True
cfg_599,10.0,0.001,0.9,100000.0,0.12,16.299999999999997,True
cfg_600,10.0,0.001,0.9,500000.0,0.11,15.700000000000001,True
cfg_601,10.0,0.001,0.93,1000.0,0.14,16.299999999999997,True
cfg_602,10.0,0.001,0.93,5000.0,0.2,15.700000000000001,True
cfg_603,10.0,0.001,0.93,10000.0,0.19,16.299999999999997,True
cfg_604,10.0,0.001,0.93,50000.0,0.17,16.299999999999997,True
cfg_605,10.0,0.001,0.93,100000.0,0.21,15.700000000000001,True
cfg_606,10.0,0.001,0.93,500000.0,0.18,16.299999999999997,True
cfg_607,10.0,0.001,0.95,1000.0,0.28,15.700000000000001,True
cfg_608,10.0,0.001,0.95,5000.0,0.26,15.700000000000001,True
cfg_609,10.0,0.001,0.95,10000.0,0.26,16.299999999999997,True
cfg_610,10.0,0.001,0.95,50000.0,0.27,16.299999999999997,True
cfg_611,10.0,0.001,0.95,100000.0,0.27,16.299999999999997,True
cfg_612,10.0,0.001,0.95,500000.0,0.25,16.299999999999997,True
cfg_613,10.0,0.001,0.97,1000.0,0.43,16.299999999999997,True
cfg_614,10.0,0.001,0.97,5000.0,0.39,16.299999999999997,True
cfg_615,10.0,0.001,0.97,10000.0,0.43,16.299999999999997,True
cfg_616,10.0,0.001,0.97,50000.0,0.41,16.299999999999997,True
cfg_617,10.0,0.001,0.97,100000.0,0.44,16.299999999999997,True
cfg_618,10.0,0.001,0.97,500000.0,0.38,16.299999999999997,True
cfg_619,10.0,0.001,0.99,1000.0,1.27,16.299999999999997,True
cfg_620,10.0,0.001,0.99,5000.0,1.36,16.299999999999997,True
cfg_621,10.0,0.001,0.99,10000.0,1.17,16.299999999999997,True
cfg_622,10.0,0.001,0.99,50000.0,1.23,16.299999999999997,True
cfg_623,10.0,0.001,0.99,100000.0,1.39,16.299999999999997,True
cfg_624,10.0,0.001,0.99,500000.0,1.45,16.299999999999997,True
cfg_625,10.0,0.001,0.995,1000.0,1.34,16.299999999999997,True
cfg_626,10.0,0.001,0.995,5000.0,2.49,16.299999999999997,True
cfg_627,10.0,0.001,0.995,10000.0,2.48,16.299999999999997,True
cfg_628,10.0,0.001,0.995,50000.0,2.43,16.299999999999997,True
cfg_629,10.0,0.001,0.995,100000.0,2.66,16.299999999999997,True
cfg_630,10.0,0.001,0.995,500000.0,2.42,16.299999999999997,True
cfg_631,10.0,0.01,0.85,1000.0,0.04,13.9,True
cfg_632,10.0,0.01,0.85,5000.0,0.06,16.299999999999997,True
cfg_633,10.0,0.01,0.85,10000.0,0.07,15.700000000000001,True
cfg_634,10.0,0.01,0.85,50000.0,0.06,16.299999999999997,True
cfg_635,10.0,0.01,0.85,100000.0,0.06,14.700000000000001,True
cfg_636,10.0,0.01,0.85,500000.0,0.05,13.9,True
cfg_637,10.0,0.01,0.9,1000.0,0.13,14.899999999999999,True
cfg_638,10.0,0.01,0.9,5000.0,0.11,15.700000000000001,True
cfg_639,10.0,0.01,0.9,10000.0,0.12,15.700000000000001,True
cfg_640,10.0,0.01,0.9,50000.0,0.14,16.299999999999997,True
cfg_641,10.0,0.01,0.9,100000.0,0.11,15.700000000000001,True
cfg_642,10.0,0.01,0.9,500000.0,0.09,16.299999999999997,True
cfg_643,10.0,0.01,0.93,1000.0,0.09,13.9,True
cfg_644,10.0,0.01,0.93,5000.0,0.15,15.700000000000001,True
cfg_645,10.0,0.01,0.93,10000.0,0.12,15.700000000000001,True
cfg_646,10.0,0.01,0.93,50000.0,0.15,16.299999999999997,True
cfg_647,10.0,0.01,0.93,100000.0,0.14,15.700000000000001,True
cfg_648,10.0,0.01,0.93,500000.0,0.16,15.700000000000001,True
cfg_649,10.0,0.01,0.95,1000.0,0.2,16.299999999999997,True
cfg_650,10.0,0.01,0.95,5000.0,0.25,15.700000000000001,True
cfg_651,10.0,0.01,0.95,10000.0,0.22,16.299999999999997,True
cfg_652,10.0,0.01,0.95,50000.0,0.2,15.700000000000001,True
cfg_653,10.0,0.01,0.95,100000.0,0.19,15.700000000000001,True
cfg_654,10.0,0.01,0.95,500000.0,0.21,16.299999999999997,True
cfg_655,10.0,0.01,0.97,1000.0,0.35,16.299999999999997,True
cfg_656,10.0,0.01,0.97,5000.0,0.33,15.700000000000001,True
cfg_657,10.0,0.01,0.97,10000.0,0.3,16.299999999999997,True
cfg_658,10.0,0.01,0.97,50000.0,0.29,16.299999999999997,True
cfg_659,10.0,0.01,0.97,100000.0,0.33,15.700000000000001,True
cfg_660,10.0,0.01,0.97,500000.0,0.35,15.700000000000001,True
cfg_661,10.0,0.01,0.99,1000.0,0.8,16.299999999999997,True
cfg_662,10.0,0.01,0.99,5000.0,0.87,16.299999999999997,True
cfg_663,10.0,0.01,0.99,10000.0,0.84,16.299999999999997,True
cfg_664,10.0,0.01,0.99,50000.0,1.05,16.299999999999997,True
cfg_665,10.0,0.01,0.99,100000.0,0.92,16.299999999999997,True
cfg_666,10.0,0.01,0.99,500000.0,0.9,16.299999999999997,True
cfg_667,10.0,0.01,0.995,1000.0,1.34,16.299999999999997,True
cfg_668,10.0,0.01,0.995,5000.0,2.07,16.299999999999997,True
cfg_669,10.0,0.01,0.995,10000.0,1.84,16.299999999999997,True
cfg_670,10.0,0.01,0.995,50000.0,1.83,16.299999999999997,True
cfg_671,10.0,0.01,0.995,100000.0,1.8,16.299999999999997,True
cfg_672,10.0,0.01,0.995,500000.0,2.09,16.299999999999997,True
cfg_673,10.0,0.1,0.85,1000.0,0.06,15.700000000000001,True
cfg_674,10.0,0.1,0.85,5000.0,0.05,15.700000000000001,True
cfg_675,10.0,0.1,0.85,10000.0,0.04,15.700000000000001,True
cfg_676,10.0,0.1,0.85,50000.0,0.05,15.700000000000001,True
cfg_677,10.0,0.1,0.85,100000.0,0.06,15.700000000000001,True
cfg_678,10.0,0.1,0.85,500000.0,0.05,14.700000000000001,True
cfg_679,10.0,0.1,0.9,1000.0,0.08,15.700000000000001,True
cfg_680,10.0,0.1,0.9,5000.0,0.09,16.299999999999997,True
cfg_681,10.0,0.1,0.9,10000.0,0.08,16.299999999999997,True
cfg_682,10.0,0.1,0.9,50000.0,0.07,15.700000000000001,True
cfg_683,10.0,0.1,0.9,100000.0,0.06,15.700000000000001,True
cfg_684,10.0,0.1,0.9,500000.0,0.07,16.299999999999997,True
cfg_685,10.0,0.1,0.93,1000.0,0.09,16.299999999999997,True
cfg_686,10.0,0.1,0.93,5000.0,0.1,16.299999999999997,True
cfg_687,10.0,0.1,0.93,10000.0,0.11,15.700000000000001,True
cfg_688,10.0,0.1,0.93,50000.0,0.06,13.9,True
cfg_689,10.0,0.1,0.93,100000.0,0.09,15.700000000000001,True
cfg_690,10.0,0.1,0.93,500000.0,0.09,16.299999999999997,True
cfg_691,10.0,0.1,0.95,1000.0,0.13,16.299999999999997,True
cfg_692,10.0,0.1,0.95,5000.0,0.13,16.299999999999997,True
cfg_693,10.0,0.1,0.95,10000.0,0.13,16.299999999999997,True
cfg_694,10.0,0.1,0.95,50000.0,0.14,15.700000000000001,True
cfg_695,10.0,0.1,0.95,100000.0,0.11,16.299999999999997,True
cfg_696,10.0,0.1,0.95,500000.0,0.13,15.700000000000001,True
cfg_697,10.0,0.1,0.97,1000.0,0.21,16.299999999999997,True
cfg_698,10.0,0.1,0.97,5000.0,0.27,16.299999999999997,True
cfg_699,10.0,0.1,0.97,10000.0,0.25,16.299999999999997,True
cfg_700,10.0,0.1,0.97,50000.0,0.2,16.299999999999997,True
cfg_701,10.0,0.1,0.97,100000.0,0.24,15.700000000000001,True
cfg_702,10.0,0.1,0.97,500000.0,0.23,16.299999999999997,True
cfg_703,10.0,0.1,0.99,1000.0,0.63,16.299999999999997,True
cfg_704,10.0,0.1,0.99,5000.0,0.68,16.299999999999997,True
cfg_705,10.0,0.1,0.99,10000.0,0.6,16.299999999999997,True
cfg_706,10.0,0.1,0.99,50000.0,0.63,16.299999999999997,True
cfg_707,10.0,0.1,0.99,100000.0,0.68,16.299999999999997,True
cfg_708,10.0,0.1,0.99,500000.0,0.64,16.299999999999997,True
cfg_709,10.0,0.1,0.995,1000.0,1.35,16.299999999999997,True
cfg_710,10.0,0.1,0.995,5000.0,1.34,16.299999999999997,True
cfg_711,10.0,0.1,0.995,10000.0,1.29,16.299999999999997,True
cfg_712,10.0,0.1,0.995,50000.0,1.35,16.299999999999997,True
cfg_713,10.0,0.1,0.995,100000.0,1.32,16.299999999999997,True
cfg_714,10.0,0.1,0.995,500000.0,1.14,16.299999999999997,True
cfg_715,10.0,1.0,0.85,1000.0,0.02,12.7,True
cfg_716,10.0,1.0,0.85,5000.0,0.03,13.9,True
cfg_717,10.0,1.0,0.85,10000.0,0.02,13.9,True
cfg_718,10.0,1.0,0.85,50000.0,0.03,14.700000000000001,True
cfg_719,10.0,1.0,0.85,100000.0,0.03,15.700000000000001,True
cfg_720,10.0,1.0,0.85,500000.0,0.03,14.700000000000001,True
cfg_721,10.0,1.0,0.9,1000.0,0.04,16.299999999999997,True
cfg_722,10.0,1.0,0.9,5000.0,0.04,13.9,True
cfg_723,10.0,1.0,0.9,10000.0,0.04,15.700000000000001,True
cfg_724,10.0,1.0,0.9,50000.0,0.05,16.299999999999997,True
cfg_725,10.0,1.0,0.9,100000.0,0.04,14.899999999999999,True
cfg_726,10.0,1.0,0.9,500000.0,0.05,14.700000000000001,True
cfg_727,10.0,1.0,0.93,1000.0,0.06,16.299999999999997,True
cfg_728,10.0,1.0,0.93,5000.0,0.08,15.700000000000001,True
cfg_729,10.0,1.0,0.93,10000.0,0.04,16.299999999999997,True
cfg_730,10.0,1.0,0.93,50000.0,0.05,16.299999999999997,True
cfg_731,10.0,1.0,0.93,100000.0,0.04,13.700000000000003,True
cfg_732,10.0,1.0,0.93,500000.0,0.06,15.700000000000001,True
cfg_733,10.0,1.0,0.95,1000.0,0.08,15.700000000000001,True
cfg_734,10.0,1.0,0.95,5000.0,0.07,14.9,True
cfg_735,10.0,1.0,0.95,10000.0,0.08,16.299999999999997,True
cfg_736,10.0,1.0,0.95,50000.0,0.07,15.700000000000001,True
cfg_737,10.0,1.0,0.95,100000.0,0.07,15.700000000000001,True
cfg_738,10.0,1.0,0.95,500000.0,0.07,15.700000000000001,True
cfg_739,10.0,1.0,0.97,1000.0,0.12,15.700000000000001,True
cfg_740,10.0,1.0,0.97,5000.0,0.13,15.700000000000001,True
cfg_741,10.0,1.0,0.97,10000.0,0.1,14.9,True
cfg_742,10.0,1.0,0.97,50000.0,0.12,16.299999999999997,True
cfg_743,10.0,1.0,0.97,100000.0,0.14,15.700000000000001,True
cfg_744,10.0,1.0,0.97,500000.0,0.12,15.700000000000001,True
cfg_745,10.0,1.0,0.99,1000.0,0.37,15.700000000000001,True
cfg_746,10.0,1.0,0.99,5000.0,0.35,16.299999999999997,True
cfg_747,10.0,1.0,0.99,10000.0,0.34,15.700000000000001,True
cfg_748,10.0,1.0,0.99,50000.0,0.32,16.299999999999997,True
cfg_749,10.0,1.0,0.99,100000.0,0.34,16.299999999999997,True
cfg_750,10.0,1.0,0.99,500000.0,0.35,16.299999999999997,True
cfg_751,10.0,1.0,0.995,1000.0,0.77,16.299999999999997,True
cfg_752,10.0,1.0,0.995,5000.0,0.68,16.299999999999997,True
cfg_753,10.0,1.0,0.995,10000.0,0.64,16.299999999999997,True
cfg_754,10.0,1.0,0.995,50000.0,0.73,16.299999999999997,True
cfg_755,10.0,1.0,0.995,100000.0,0.73,16.299999999999997,True
cfg_756,10.0,1.0,0.995,500000.0,0.65,16.299999999999997,True
cfg_757,50.0,1e-06,0.85,1000.0,0.18,16.299999999999997,True
cfg_758,50.0,1e-06,0.85,5000.0,0.17,15.700000000000001,True
cfg_759,50.0,1e-06,0.85,10000.0,0.16,15.700000000000001,True
cfg_760,50.0,1e-06,0.85,50000.0,0.14,16.299999999999997,True
cfg_761,50.0,1e-06,0.85,100000.0,0.17,16.299999999999997,True
cfg_762,50.0,1e-06,0.85,500000.0,0.18,15.700000000000001,True
cfg_763,50.0,1e-06,0.9,1000.0,0.22,16.299999999999997,True
cfg_764,50.0,1e-06,0.9,5000.0,0.26,15.700000000000001,True
cfg_765,50.0,1e-06,0.9,10000.0,0.21,16.299999999999997,True
cfg_766,50.0,1e-06,0.9,50000.0,0.19,16.299999999999997,True
cfg_767,50.0,1e-06,0.9,100000.0,0.26,15.700000000000001,True
cfg_768,50.0,1e-06,0.9,500000.0,0.22,16.299999999999997,True
cfg_769,50.0,1e-06,0.93,1000.0,0.35,16.299999999999997,True
cfg_770,50.0,1e-06,0.93,5000.0,0.34,16.299999999999997,True
cfg_771,50.0,1e-06,0.93,10000.0,0.28,15.700000000000001,True
cfg_772,50.0,1e-06,0.93,50000.0,0.36,16.299999999999997,True
cfg_773,50.0,1e-06,0.93,100000.0,0.39,16.299999999999997,True
cfg_774,50.0,1e-06,0.93,500000.0,0.31,16.299999999999997,True
cfg_775,50.0,1e-06,0.95,1000.0,0.51,16.299999999999997,True
cfg_776,50.0,1e-06,0.95,5000.0,0.53,15.700000000000001,True
cfg_777,50.0,1e-06,0.95,10000.0,0.45,16.299999999999997,True
cfg_778,50.0,1e-06,0.95,50000.0,0.5,16.299999999999997,True
cfg_779,50.0,1e-06,0.95,100000.0,0.47,16.299999999999997,True
cfg_780,50.0,1e-06,0.95,500000.0,0.39,15.700000000000001,True
cfg_781,50.0,1e-06,0.97,1000.0,0.64,16.299999999999997,True
cfg_782,50.0,1e-06,0.97,5000.0,0.78,16.299999999999997,True
cfg_783,50.0,1e-06,0.97,10000.0,0.78,16.299999999999997,True
cfg_784,50.0,1e-06,0.97,50000.0,0.8,16.299999999999997,True
cfg_785,50.0,1e-06,0.97,100000.0,0.75,16.299999999999997,True
cfg_786,50.0,1e-06,0.97,500000.0,0.9,16.299999999999997,True
cfg_787,50.0,1e-06,0.99,1000.0,1.49,16.299999999999997,True
cfg_788,50.0,1e-06,0.99,5000.0,2.35,16.299999999999997,True
cfg_789,50.0,1e-06,0.99,10000.0,2.32,16.299999999999997,True
cfg_790,50.0,1e-06,0.99,50000.0,2.3,16.299999999999997,True
cfg_791,50.0,1e-06,0.99,100000.0,2.34,16.299999999999997,True
cfg_792,50.0,1e-06,0.99,500000.0,2.74,16.299999999999997,True
cfg_793,50.0,1e-06,0.995,1000.0,1.64,16.299999999999997,True
cfg_794,50.0,1e-06,0.995,5000.0,5.56,16.299999999999997,True
cfg_795,50.0,1e-06,0.995,10000.0,5.43,16.299999999999997,True
cfg_796,50.0,1e-06,0.995,50000.0,4.02,16.299999999999997,True
cfg_797,50.0,1e-06,0.995,100000.0,5.33,16.299999999999997,True
cfg_798,50.0,1e-06,0.995,500000.0,4.02,16.299999999999997,True
cfg_799,50.0,0.0001,0.85,1000.0,0.12,15.700000000000001,True
cfg_800,50.0,0.0001,0.85,5000.0,0.12,16.299999999999997,True
cfg_801,50.0,0.0001,0.85,10000.0,0.11,16.299999999999997,True
cfg_802,50.0,0.0001,0.85,50000.0,0.12,16.299999999999997,True
cfg_803,50.0,0.0001,0.85,100000.0,0.13,16.299999999999997,True
cfg_804,50.0,0.0001,0.85,500000.0,0.13,16.299999999999997,True
cfg_805,50.0,0.0001,0.9,1000.0,0.19,15.700000000000001,True
cfg_806,50.0,0.0001,0.9,5000.0,0.22,15.700000000000001,True
cfg_807,50.0,0.0001,0.9,10000.0,0.23,16.299999999999997,True
cfg_808,50.0,0.0001,0.9,50000.0,0.18,15.700000000000001,True
cfg_809,50.0,0.0001,0.9,100000.0,0.17,16.299999999999997,True
cfg_810,50.0,0.0001,0.9,500000.0,0.19,16.299999999999997,True
cfg_811,50.0,0.0001,0.93,1000.0,0.25,16.299999999999997,True
cfg_812,50.0,0.0001,0.93,5000.0,0.31,16.299999999999997,True
cfg_813,50.0,0.0001,0.93,10000.0,0.37,16.299999999999997,True
cfg_814,50.0,0.0001,0.93,50000.0,0.27,15.700000000000001,True
cfg_815,50.0,0.0001,0.93,100000.0,0.32,16.299999999999997,True
cfg_816,50.0,0.0001,0.93,500000.0,0.29,15.700000000000001,True
cfg_817,50.0,0.0001,0.95,1000.0,0.36,16.299999999999997,True
cfg_818,50.0,0.0001,0.95,5000.0,0.38,15.700000000000001,True
cfg_819,50.0,0.0001,0.95,10000.0,0.34,16.299999999999997,True
cfg_820,50.0,0.0001,0.95,50000.0,0.37,16.299999999999997,True
cfg_821,50.0,0.0001,0.95,100000.0,0.34,16.299999999999997,True
cfg_822,50.0,0.0001,0.95,500000.0,0.35,16.299999999999997,True
cfg_823,50.0,0.0001,0.97,1000.0,0.75,16.299999999999997,True
cfg_824,50.0,0.0001,0.97,5000.0,0.62,16.299999999999997,True
cfg_825,50.0,0.0001,0.97,10000.0,0.71,16.299999999999997,True
cfg_826,50.0,0.0001,0.97,50000.0,0.62,16.299999999999997,True
cfg_827,50.0,0.0001,0.97,100000.0,0.65,16.299999999999997,True
cfg_828,50.0,0.0001,0.97,500000.0,0.7,16.299999999999997,True
cfg_829,50.0,0.0001,0.99,1000.0,1.2,16.299999999999997,True
cfg_830,50.0,0.0001,0.99,5000.0,2.19,16.299999999999997,True
cfg_831,50.0,0.0001,0.99,10000.0,1.96,16.299999999999997,True
cfg_832,50.0,0.0001,0.99,50000.0,1.85,16.299999999999997,True
cfg_833,50.0,0.0001,0.99,100000.0,1.77,16.299999999999997,True
cfg_834,50.0,0.0001,0.99,500000.0,1.91,16.299999999999997,True
cfg_835,50.0,0.0001,0.995,1000.0,1.42,16.299999999999997,True
cfg_836,50.0,0.0001,0.995,5000.0,3.87,16.299999999999997,True
cfg_837,50.0,0.0001,0.995,10000.0,3.49,16.299999999999997,True
cfg_838,50.0,0.0001,0.995,50000.0,3.16,16.299999999999997,True
cfg_839,50.0,0.0001,0.995,100000.0,3.2,16.299999999999997,True
cfg_840,50.0,0.0001,0.995,500000.0,3.53,16.299999999999997,True
cfg_841,50.0,0.001,0.85,1000.0,0.12,16.299999999999997,True
cfg_842,50.0,0.001,0.85,5000.0,0.13,15.700000000000001,True
cfg_843,50.0,0.001,0.85,10000.0,0.09,15.700000000000001,True
cfg_844,50.0,0.001,0.85,50000.0,0.1,15.700000000000001,True
cfg_845,50.0,0.001,0.85,100000.0,0.11,15.700000000000001,True
cfg_846,50.0,0.001,0.85,500000.0,0.1,15.700000000000001,True
cfg_847,50.0,0.001,0.9,1000.0,0.16,16.299999999999997,True
cfg_848,50.0,0.001,0.9,5000.0,0.15,13.9,True
cfg_849,50.0,0.001,0.9,10000.0,0.15,15.700000000000001,True
cfg_850,50.0,0.001,0.9,50000.0,0.21,15.700000000000001,True
cfg_851,50.0,0.001,0.9,100000.0,0.15,16.299999999999997,True
cfg_852,50.0,0.001,0.9,500000.0,0.13,16.299999999999997,True
cfg_853,50.0,0.001,0.93,1000.0,0.22,16.299999999999997,True
cfg_854,50.0,0.001,0.93,5000.0,0.21,16.299999999999997,True
cfg_855,50.0,0.001,0.93,10000.0,0.22,16.299999999999997,True
cfg_856,50.0,0.001,0.93,50000.0,0.21,15.700000000000001,True
cfg_857,50.0,0.001,0.93,100000.0,0.25,15.700000000000001,True
cfg_858,50.0,0.001,0.93,500000.0,0.22,15.700000000000001,True
cfg_859,50.0,0.001,0.95,1000.0,0.31,15.700000000000001,True
cfg_860,50.0,0.001,0.95,5000.0,0.27,15.700000000000001,True
cfg_861,50.0,0.001,0.95,10000.0,0.35,15.700000000000001,True
cfg_862,50.0,0.001,0.95,50000.0,0.32,16.299999999999997,True
cfg_863,50.0,0.001,0.95,100000.0,0.36,15.700000000000001,True
cfg_864,50.0,0.001,0.95,500000.0,0.42,15.700000000000001,True
cfg_865,50.0,0.001,0.97,1000.0,0.59,15.700000000000001,True
cfg_866,50.0,0.001,0.97,5000.0,0.59,15.700000000000001,True
cfg_867,50.0,0.001,0.97,10000.0,0.48,16.299999999999997,True
cfg_868,50.0,0.001,0.97,50000.0,0.51,16.299999999999997,True
cfg_869,50.0,0.001,0.97,100000.0,0.56,16.299999999999997,True
cfg_870,50.0,0.001,0.97,500000.0,0.61,16.299999999999997,True
cfg_871,50.0,0.001,0.99,1000.0,1.57,16.299999999999997,True
cfg_872,50.0,0.001,0.99,5000.0,1.59,16.299999999999997,True
cfg_873,50.0,0.001,0.99,10000.0,1.7,16.299999999999997,True
cfg_874,50.0,0.001,0.99,50000.0,1.46,16.299999999999997,True
cfg_875,50.0,0.001,0.99,100000.0,1.44,16.299999999999997,True
cfg_876,50.0,0.001,0.99,500000.0,1.27,16.299999999999997,True
cfg_877,50.0,0.001,0.995,1000.0,1.59,16.299999999999997,True
cfg_878,50.0,0.001,0.995,5000.0,2.96,16.299999999999997,True
cfg_879,50.0,0.001,0.995,10000.0,3.08,16.299999999999997,True
cfg_880,50.0,0.001,0.995,50000.0,3.17,16.299999999999997,True
cfg_881,50.0,0.001,0.995,100000.0,3.0,16.299999999999997,True
cfg_882,50.0,0.001,0.995,500000.0,3.31,16.299999999999997,True
cfg_883,50.0,0.01,0.85,1000.0,0.09,15.700000000000001,True
cfg_884,50.0,0.01,0.85,5000.0,0.1,16.299999999999997,True
cfg_885,50.0,0.01,0.85,10000.0,0.08,14.899999999999999,True
cfg_886,50.0,0.01,0.85,50000.0,0.1,16.299999999999997,True
cfg_887,50.0,0.01,0.85,100000.0,0.08,13.9,True
cfg_888,50.0,0.01,0.85,500000.0,0.1,15.700000000000001,True
cfg_889,50.0,0.01,0.9,1000.0,0.13,16.299999999999997,True
cfg_890,50.0,0.01,0.9,5000.0,0.13,16.299999999999997,True
cfg_891,50.0,0.01,0.9,10000.0,0.16,15.700000000000001,True
cfg_892,50.0,0.01,0.9,50000.0,0.14,16.299999999999997,True
cfg_893,50.0,0.01,0.9,100000.0,0.11,16.299999999999997,True
cfg_894,50.0,0.01,0.9,500000.0,0.14,15.700000000000001,True
cfg_895,50.0,0.01,0.93,1000.0,0.18,15.700000000000001,True
cfg_896,50.0,0.01,0.93,5000.0,0.2,15.700000000000001,True
cfg_897,50.0,0.01,0.93,10000.0,0.17,16.299999999999997,True
cfg_898,50.0,0.01,0.93,50000.0,0.18,15.700000000000001,True
cfg_899,50.0,0.01,0.93,100000.0,0.18,16.299999999999997,True
cfg_900,50.0,0.01,0.93,500000.0,0.18,16.299999999999997,True
cfg_901,50.0,0.01,0.95,1000.0,0.25,16.299999999999997,True
cfg_902,50.0,0.01,0.95,5000.0,0.2,16.299999999999997,True
cfg_903,50.0,0.01,0.95,10000.0,0.24,16.299999999999997,True
cfg_904,50.0,0.01,0.95,50000.0,0.28,16.299999999999997,True
cfg_905,50.0,0.01,0.95,100000.0,0.25,15.700000000000001,True
cfg_906,50.0,0.01,0.95,500000.0,0.24,16.299999999999997,True
cfg_907,50.0,0.01,0.97,1000.0,0.42,16.299999999999997,True
cfg_908,50.0,0.01,0.97,5000.0,0.45,16.299999999999997,True
cfg_909,50.0,0.01,0.97,10000.0,0.38,16.299999999999997,True
cfg_910,50.0,0.01,0.97,50000.0,0.38,16.299999999999997,True
cfg_911,50.0,0.01,0.97,100000.0,0.34,16.299999999999997,True
cfg_912,50.0,0.01,0.97,500000.0,0.42,16.299999999999997,True
cfg_913,50.0,0.01,0.99,1000.0,1.12,16.299999999999997,True
cfg_914,50.0,0.01,0.99,5000.0,1.41,16.299999999999997,True
cfg_915,50.0,0.01,0.99,10000.0,1.17,16.299999999999997,True
cfg_916,50.0,0.01,0.99,50000.0,1.15,16.299999999999997,True
cfg_917,50.0,0.01,0.99,100000.0,1.3,16.299999999999997,True
cfg_918,50.0,0.01,0.99,500000.0,1.32,16.299999999999997,True
cfg_919,50.0,0.01,0.995,1000.0,1.44,16.299999999999997,True
cfg_920,50.0,0.01,0.995,5000.0,2.33,16.299999999999997,True
cfg_921,50.0,0.01,0.995,10000.0,2.5,16.299999999999997,True
cfg_922,50.0,0.01,0.995,50000.0,2.38,16.299999999999997,True
cfg_923,50.0,0.01,0.995,100000.0,2.45,16.299999999999997,True
cfg_924,50.0,0.01,0.995,500000.0,2.61,16.299999999999997,True
cfg_925,50.0,0.1,0.85,1000.0,0.06,15.700000000000001,True
cfg_926,50.0,0.1,0.85,5000.0,0.07,15.700000000000001,True
cfg_927,50.0,0.1,0.85,10000.0,0.06,16.299999999999997,True
cfg_928,50.0,0.1,0.85,50000.0,0.06,16.299999999999997,True
cfg_929,50.0,0.1,0.85,100000.0,0.07,13.700000000000003,True
cfg_930,50.0,0.1,0.85,500000.0,0.07,16.299999999999997,True
cfg_931,50.0,0.1,0.9,1000.0,0.13,15.700000000000001,True
cfg_932,50.0,0.1,0.9,5000.0,0.08,16.299999999999997,True
cfg_933,50.0,0.1,0.9,10000.0,0.1,15.700000000000001,True
cfg_934,50.0,0.1,0.9,50000.0,0.1,15.700000000000001,True
cfg_935,50.0,0.1,0.9,100000.0,0.1,14.700000000000001,True
cfg_936,50.0,0.1,0.9,500000.0,0.07,13.9,True
cfg_937,50.0,0.1,0.93,1000.0,0.13,16.299999999999997,True
cfg_938,50.0,0.1,0.93,5000.0,0.12,16.299999999999997,True
cfg_939,50.0,0.1,0.93,10000.0,0.14,15.700000000000001,True
cfg_940,50.0,0.1,0.93,50000.0,0.14,16.299999999999997,True
cfg_941,50.0,0.1,0.93,100000.0,0.16,15.700000000000001,True
cfg_942,50.0,0.1,0.93,500000.0,0.12,16.299999999999997,True
cfg_943,50.0,0.1,0.95,1000.0,0.25,15.700000000000001,True
cfg_944,50.0,0.1,0.95,5000.0,0.18,15.700000000000001,True
cfg_945,50.0,0.1,0.95,10000.0,0.19,16.299999999999997,True
cfg_946,50.0,0.1,0.95,50000.0,0.19,15.700000000000001,True
cfg_947,50.0,0.1,0.95,100000.0,0.17,15.700000000000001,True
cfg_948,50.0,0.1,0.95,500000.0,0.2,14.9,True
cfg_949,50.0,0.1,0.97,1000.0,0.32,16.299999999999997,True
cfg_950,50.0,0.1,0.97,5000.0,0.29,16.299999999999997,True
cfg_951,50.0,0.1,0.97,10000.0,0.29,16.299999999999997,True
cfg_952,50.0,0.1,0.97,50000.0,0.33,16.299999999999997,True
cfg_953,50.0,0.1,0.97,100000.0,0.33,16.299999999999997,True
cfg_954,50.0,0.1,0.97,500000.0,0.28,16.299999999999997,True
cfg_955,50.0,0.1,0.99,1000.0,0.99,16.299999999999997,True
cfg_956,50.0,0.1,0.99,5000.0,0.94,16.299999999999997,True
cfg_957,50.0,0.1,0.99,10000.0,0.87,16.299999999999997,True
cfg_958,50.0,0.1,0.99,50000.0,0.89,16.299999999999997,True
cfg_959,50.0,0.1,0.99,100000.0,0.89,16.299999999999997,True
cfg_960,50.0,0.1,0.99,500000.0,0.93,16.299999999999997,True
cfg_961,50.0,0.1,0.995,1000.0,1.49,16.299999999999997,True
cfg_962,50.0,0.1,0.995,5000.0,1.77,16.299999999999997,True
cfg_963,50.0,0.1,0.995,10000.0,1.74,16.299999999999997,True
cfg_964,50.0,0.1,0.995,50000.0,1.83,16.299999999999997,True
cfg_965,50.0,0.1,0.995,100000.0,1.89,16.299999999999997,True
cfg_966,50.0,0.1,0.995,500000.0,1.81,16.299999999999997,True
cfg_967,50.0,1.0,0.85,1000.0,0.04,13.9,True
cfg_968,50.0,1.0,0.85,5000.0,0.04,15.700000000000001,True
cfg_969,50.0,1.0,0.85,10000.0,0.04,16.299999999999997,True
cfg_970,50.0,1.0,0.85,50000.0,0.04,15.700000000000001,True
cfg_971,50.0,1.0,0.85,100000.0,0.05,16.299999999999997,True
cfg_972,50.0,1.0,0.85,500000.0,0.05,15.700000000000001,True
cfg_973,50.0,1.0,0.9,1000.0,0.06,13.500000000000002,True
cfg_974,50.0,1.0,0.9,5000.0,0.06,16.299999999999997,True
cfg_975,50.0,1.0,0.9,10000.0,0.07,16.299999999999997,True
cfg_976,50.0,1.0,0.9,50000.0,0.06,15.700000000000001,True
cfg_977,50.0,1.0,0.9,100000.0,0.06,16.299999999999997,True
cfg_978,50.0,1.0,0.9,500000.0,0.05,16.299999999999997,True
cfg_979,50.0,1.0,0.93,1000.0,0.1,16.299999999999997,True
cfg_980,50.0,1.0,0.93,5000.0,0.09,15.700000000000001,True
cfg_981,50.0,1.0,0.93,10000.0,0.09,16.299999999999997,True
cfg_982,50.0,1.0,0.93,50000.0,0.08,13.9,True
cfg_983,50.0,1.0,0.93,100000.0,0.09,16.299999999999997,True
cfg_984,50.0,1.0,0.93,500000.0,0.07,13.9,True
cfg_985,50.0,1.0,0.95,1000.0,0.15,16.299999999999997,True
cfg_986,50.0,1.0,0.95,5000.0,0.11,15.700000000000001,True
cfg_987,50.0,1.0,0.95,10000.0,0.13,16.299999999999997,True
cfg_988,50.0,1.0,0.95,50000.0,0.13,15.700000000000001,True
cfg_989,50.0,1.0,0.95,100000.0,0.12,16.299999999999997,True
cfg_990,50.0,1.0,0.95,500000.0,0.13,14.9,True
cfg_991,50.0,1.0,0.97,1000.0,0.23,16.299999999999997,True
cfg_992,50.0,1.0,0.97,5000.0,0.2,15.700000000000001,True
cfg_993,50.0,1.0,0.97,10000.0,0.24,15.700000000000001,True
cfg_994,50.0,1.0,0.97,50000.0,0.23,16.299999999999997,True
cfg_995,50.0,1.0,0.97,100000.0,0.18,15.700000000000001,True
cfg_996,50.0,1.0,0.97,500000.0,0.19,16.299999999999997,True
cfg_997,50.0,1.0,0.99,1000.0,0.68,16.299999999999997,True
cfg_998,50.0,1.0,0.99,5000.0,0.53,16.299999999999997,True
cfg_999,50.0,1.0,0.99,10000.0,0.64,16.299999999999997,True
cfg_1000,50.0,1.0,0.99,50000.0,0.61,16.299999999999997,True
cfg_1001,50.0,1.0,0.99,100000.0,0.61,16.299999999999997,True
cfg_1002,50.0,1.0,0.99,500000.0,0.6,16.299999999999997,True
cfg_1003,50.0,1.0,0.995,1000.0,1.23,16.299999999999997,True
cfg_1004,50.0,1.0,0.995,5000.0,1.21,16.299999999999997,True
cfg_1005,50.0,1.0,0.995,10000.0,1.29,16.299999999999997,True
cfg_1006,50.0,1.0,0.995,50000.0,1.13,16.299999999999997,True
cfg_1007,50.0,1.0,0.995,100000.0,1.12,16.299999999999997,True
cfg_1008,50.0,1.0,0.995,500000.0,1.17,16.299999999999997,True
cfg_1009,100.0,1e-06,0.85,1000.0,0.19,15.700000000000001,True
cfg_1010,100.0,1e-06,0.85,5000.0,0.18,15.700000000000001,True
cfg_1011,100.0,1e-06,0.85,10000.0,0.17,15.700000000000001,True
cfg_1012,100.0,1e-06,0.85,50000.0,0.19,16.299999999999997,True
cfg_1013,100.0,1e-06,0.85,100000.0,0.14,15.700000000000001,True
cfg_1014,100.0,1e-06,0.85,500000.0,0.17,16.299999999999997,True
cfg_1015,100.0,1e-06,0.9,1000.0,0.29,16.299999999999997,True
cfg_1016,100.0,1e-06,0.9,5000.0,0.28,15.700000000000001,True
cfg_1017,100.0,1e-06,0.9,10000.0,0.18,14.9,True
cfg_1018,100.0,1e-06,0.9,50000.0,0.28,15.700000000000001,True
cfg_1019,100.0,1e-06,0.9,100000.0,0.28,16.299999999999997,True
cfg_1020,100.0,1e-06,0.9,500000.0,0.23,16.299999999999997,True
cfg_1021,100.0,1e-06,0.93,1000.0,0.3,15.700000000000001,True
cfg_1022,100.0,1e-06,0.93,5000.0,0.38,15.700000000000001,True
cfg_1023,100.0,1e-06,0.93,10000.0,0.34,16.299999999999997,True
cfg_1024,100.0,1e-06,0.93,50000.0,0.37,16.299999999999997,True
cfg_1025,100.0,1e-06,0.93,100000.0,0.29,15.700000000000001,True
cfg_1026,100.0,1e-06,0.93,500000.0,0.39,16.299999999999997,True
cfg_1027,100.0,1e-06,0.95,1000.0,0.57,16.299999999999997,True
cfg_1028,100.0,1e-06,0.95,5000.0,0.56,16.299999999999997,True
cfg_1029,100.0,1e-06,0.95,10000.0,0.56,16.299999999999997,True
cfg_1030,100.0,1e-06,0.95,50000.0,0.5,16.299999999999997,True
cfg_1031,100.0,1e-06,0.95,100000.0,0.47,16.299999999999997,True
cfg_1032,100.0,1e-06,0.95,500000.0,0.52,16.299999999999997,True
cfg_1033,100.0,1e-06,0.97,1000.0,0.87,16.299999999999997,True
cfg_1034,100.0,1e-06,0.97,5000.0,0.82,16.299999999999997,True
cfg_1035,100.0,1e-06,0.97,10000.0,0.64,15.700000000000001,True
cfg_1036,100.0,1e-06,0.97,50000.0,1.02,16.299999999999997,True
cfg_1037,100.0,1e-06,0.97,100000.0,0.95,15.700000000000001,True
cfg_1038,100.0,1e-06,0.97,500000.0,0.66,15.700000000000001,True
cfg_1039,100.0,1e-06,0.99,1000.0,1.42,16.299999999999997,True
cfg_1040,100.0,1e-06,0.99,5000.0,2.41,16.299999999999997,True
cfg_1041,100.0,1e-06,0.99,10000.0,2.42,16.299999999999997,True
cfg_1042,100.0,1e-06,0.99,50000.0,2.42,16.299999999999997,True
cfg_1043,100.0,1e-06,0.99,100000.0,2.9,16.299999999999997,True
cfg_1044,100.0,1e-06,0.99,500000.0,2.76,16.299999999999997,True
cfg_1045,100.0,1e-06,0.995,1000.0,1.53,16.299999999999997,True
cfg_1046,100.0,1e-06,0.995,5000.0,4.85,16.299999999999997,True
cfg_1047,100.0,1e-06,0.995,10000.0,4.86,16.299999999999997,True
cfg_1048,100.0,1e-06,0.995,50000.0,4.87,16.299999999999997,True
cfg_1049,100.0,1e-06,0.995,100000.0,4.89,16.299999999999997,True
cfg_1050,100.0,1e-06,0.995,500000.0,5.56,16.299999999999997,True
cfg_1051,100.0,0.0001,0.85,1000.0,0.16,16.299999999999997,True
cfg_1052,100.0,0.0001,0.85,5000.0,0.13,16.299999999999997,True
cfg_1053,100.0,0.0001,0.85,10000.0,0.13,16.299999999999997,True
cfg_1054,100.0,0.0001,0.85,50000.0,0.14,16.299999999999997,True
cfg_1055,100.0,0.0001,0.85,100000.0,0.13,16.299999999999997,True
cfg_1056,100.0,0.0001,0.85,500000.0,0.13,16.299999999999997,True
cfg_1057,100.0,0.0001,0.9,1000.0,0.25,15.700000000000001,True
cfg_1058,100.0,0.0001,0.9,5000.0,0.2,16.299999999999997,True
cfg_1059,100.0,0.0001,0.9,10000.0,0.22,15.700000000000001,True
cfg_1060,100.0,0.0001,0.9,50000.0,0.16,16.299999999999997,True
cfg_1061,100.0,0.0001,0.9,100000.0,0.19,15.700000000000001,True
cfg_1062,100.0,0.0001,0.9,500000.0,0.15,14.700000000000001,True
cfg_1063,100.0,0.0001,0.93,1000.0,0.22,14.700000000000001,True
cfg_1064,100.0,0.0001,0.93,5000.0,0.3,15.700000000000001,True
cfg_1065,100.0,0.0001,0.93,10000.0,0.29,15.700000000000001,True
cfg_1066,100.0,0.0001,0.93,50000.0,0.31,16.299999999999997,True
cfg_1067,100.0,0.0001,0.93,100000.0,0.32,16.299999999999997,True
cfg_1068,100.0,0.0001,0.93,500000.0,0.26,15.700000000000001,True
cfg_1069,100.0,0.0001,0.95,1000.0,0.45,15.700000000000001,True
cfg_1070,100.0,0.0001,0.95,5000.0,0.38,16.299999999999997,True
cfg_1071,100.0,0.0001,0.95,10000.0,0.38,16.299999999999997,True
cfg_1072,100.0,0.0001,0.95,50000.0,0.4,16.299999999999997,True
cfg_1073,100.0,0.0001,0.95,100000.0,0.37,16.299999999999997,True
cfg_1074,100.0,0.0001,0.95,500000.0,0.38,16.299999999999997,True
cfg_1075,100.0,0.0001,0.97,1000.0,0.52,16.299999999999997,True
cfg_1076,100.0,0.0001,0.97,5000.0,0.63,16.299999999999997,True
cfg_1077,100.0,0.0001,0.97,10000.0,0.62,16.299999999999997,True
cfg_1078,100.0,0.0001,0.97,50000.0,0.69,15.700000000000001,True
cfg_1079,100.0,0.0001,0.97,100000.0,0.71,16.299999999999997,True
cfg_1080,100.0,0.0001,0.97,500000.0,0.68,16.299999999999997,True
cfg_1081,100.0,0.0001,0.99,1000.0,1.38,16.299999999999997,True
cfg_1082,100.0,0.0001,0.99,5000.0,1.99,16.299999999999997,True
cfg_1083,100.0,0.0001,0.99,10000.0,1.92,16.299999999999997,True
cfg_1084,100.0,0.0001,0.99,50000.0,1.89,16.299999999999997,True
cfg_1085,100.0,0.0001,0.99,100000.0,2.11,16.299999999999997,True
cfg_1086,100.0,0.0001,0.99,500000.0,2.07,16.299999999999997,True
cfg_1087,100.0,0.0001,0.995,1000.0,1.55,16.299999999999997,True
cfg_1088,100.0,0.0001,0.995,5000.0,3.7,16.299999999999997,True
cfg_1089,100.0,0.0001,0.995,10000.0,4.04,16.299999999999997,True
cfg_1090,100.0,0.0001,0.995,50000.0,3.67,16.299999999999997,True
cfg_1091,100.0,0.0001,0.995,100000.0,4.27,16.299999999999997,True
cfg_1092,100.0,0.0001,0.995,500000.0,3.68,16.299999999999997,True
cfg_1093,100.0,0.001,0.85,1000.0,0.08,13.9,True
cfg_1094,100.0,0.001,0.85,5000.0,0.1,16.299999999999997,True
cfg_1095,100.0,0.001,0.85,10000.0,0.11,15.700000000000001,True
cfg_1096,100.0,0.001,0.85,50000.0,0.13,15.700000000000001,True
cfg_1097,100.0,0.001,0.85,100000.0,0.09,15.700000000000001,True
cfg_1098,100.0,0.001,0.85,500000.0,0.12,16.299999999999997,True
cfg_1099,100.0,0.001,0.9,1000.0,0.17,15.700000000000001,True
cfg_1100,100.0,0.001,0.9,5000.0,0.15,15.700000000000001,True
cfg_1101,100.0,0.001,0.9,10000.0,0.18,15.700000000000001,True
cfg_1102,100.0,0.001,0.9,50000.0,0.19,15.700000000000001,True
cfg_1103,100.0,0.001,0.9,100000.0,0.16,16.299999999999997,True
cfg_1104,100.0,0.001,0.9,500000.0,0.17,15.700000000000001,True
cfg_1105,100.0,0.001,0.93,1000.0,0.27,16.299999999999997,True
cfg_1106,100.0,0.001,0.93,5000.0,0.19,15.700000000000001,True
cfg_1107,100.0,0.001,0.93,10000.0,0.24,16.299999999999997,True
cfg_1108,100.0,0.001,0.93,50000.0,0.22,16.299999999999997,True
cfg_1109,100.0,0.001,0.93,100000.0,0.25,16.299999999999997,True
cfg_1110,100.0,0.001,0.93,500000.0,0.25,16.299999999999997,True
cfg_1111,100.0,0.001,0.95,1000.0,0.28,15.700000000000001,True
cfg_1112,100.0,0.001,0.95,5000.0,0.34,16.299999999999997,True
cfg_1113,100.0,0.001,0.95,10000.0,0.28,16.299999999999997,True
cfg_1114,100.0,0.001,0.95,50000.0,0.36,15.700000000000001,True
cfg_1115,100.0,0.001,0.95,100000.0,0.34,16.299999999999997,True
cfg_1116,100.0,0.001,0.95,500000.0,0.34,15.700000000000001,True
cfg_1117,100.0,0.001,0.97,1000.0,0.52,16.299999999999997,True
cfg_1118,100.0,0.001,0.97,5000.0,0.52,16.299999999999997,True
cfg_1119,100.0,0.001,0.97,10000.0,0.56,15.700000000000001,True
cfg_1120,100.0,0.001,0.97,50000.0,0.63,16.299999999999997,True
cfg_1121,100.0,0.001,0.97,100000.0,0.53,16.299999999999997,True
cfg_1122,100.0,0.001,0.97,500000.0,0.51,16.299999999999997,True
cfg_1123,100.0,0.001,0.99,1000.0,1.4,16.299999999999997,True
cfg_1124,100.0,0.001,0.99,5000.0,1.59,16.299999999999997,True
cfg_1125,100.0,0.001,0.99,10000.0,1.72,16.299999999999997,True
cfg_1126,100.0,0.001,0.99,50000.0,1.57,16.299999999999997,True
cfg_1127,100.0,0.001,0.99,100000.0,1.54,16.299999999999997,True
cfg_1128,100.0,0.001,0.99,500000.0,1.69,16.299999999999997,True
cfg_1129,100.0,0.001,0.995,1000.0,1.59,16.299999999999997,True
cfg_1130,100.0,0.001,0.995,5000.0,3.54,16.299999999999997,True
cfg_1131,100.0,0.001,0.995,10000.0,3.26,16.299999999999997,True
cfg_1132,100.0,0.001,0.995,50000.0,3.14,16.299999999999997,True
cfg_1133,100.0,0.001,0.995,100000.0,3.43,16.299999999999997,True
cfg_1134,100.0,0.001,0.995,500000.0,3.56,16.299999999999997,True
cfg_1135,100.0,0.01,0.85,1000.0,0.07,13.9,True
cfg_1136,100.0,0.01,0.85,5000.0,0.13,16.299999999999997,True
cfg_1137,100.0,0.01,0.85,10000.0,0.08,15.700000000000001,True
cfg_1138,100.0,0.01,0.85,50000.0,0.1,15.700000000000001,True
cfg_1139,100.0,0.01,0.85,100000.0,0.09,15.700000000000001,True
cfg_1140,100.0,0.01,0.85,500000.0,0.07,16.299999999999997,True
cfg_1141,100.0,0.01,0.9,1000.0,0.15,16.299999999999997,True
cfg_1142,100.0,0.01,0.9,5000.0,0.11,14.899999999999999,True
cfg_1143,100.0,0.01,0.9,10000.0,0.14,16.299999999999997,True
cfg_1144,100.0,0.01,0.9,50000.0,0.15,15.700000000000001,True
cfg_1145,100.0,0.01,0.9,100000.0,0.13,15.700000000000001,True
cfg_1146,100.0,0.01,0.9,500000.0,0.15,15.700000000000001,True
cfg_1147,100.0,0.01,0.93,1000.0,0.17,16.299999999999997,True
cfg_1148,100.0,0.01,0.93,5000.0,0.21,15.700000000000001,True
cfg_1149,100.0,0.01,0.93,10000.0,0.22,16.299999999999997,True
cfg_1150,100.0,0.01,0.93,50000.0,0.2,16.299999999999997,True
cfg_1151,100.0,0.01,0.93,100000.0,0.17,15.700000000000001,True
cfg_1152,100.0,0.01,0.93,500000.0,0.23,16.299999999999997,True
cfg_1153,100.0,0.01,0.95,1000.0,0.27,16.299999999999997,True
cfg_1154,100.0,0.01,0.95,5000.0,0.3,15.700000000000001,True
cfg_1155,100.0,0.01,0.95,10000.0,0.28,15.700000000000001,True
cfg_1156,100.0,0.01,0.95,50000.0,0.27,15.700000000000001,True
cfg_1157,100.0,0.01,0.95,100000.0,0.27,15.700000000000001,True
cfg_1158,100.0,0.01,0.95,500000.0,0.26,16.299999999999997,True
cfg_1159,100.0,0.01,0.97,1000.0,0.5,15.700000000000001,True
cfg_1160,100.0,0.01,0.97,5000.0,0.48,15.700000000000001,True
cfg_1161,100.0,0.01,0.97,10000.0,0.44,16.299999999999997,True
cfg_1162,100.0,0.01,0.97,50000.0,0.45,16.299999999999997,True
cfg_1163,100.0,0.01,0.97,100000.0,0.46,16.299999999999997,True
cfg_1164,100.0,0.01,0.97,500000.0,0.39,16.299999999999997,True
cfg_1165,100.0,0.01,0.99,1000.0,1.16,16.299999999999997,True
cfg_1166,100.0,0.01,0.99,5000.0,1.29,16.299999999999997,True
cfg_1167,100.0,0.01,0.99,10000.0,1.42,16.299999999999997,True
cfg_1168,100.0,0.01,0.99,50000.0,1.28,16.299999999999997,True
cfg_1169,100.0,0.01,0.99,100000.0,1.37,16.299999999999997,True
cfg_1170,100.0,0.01,0.99,500000.0,1.41,16.299999999999997,True
cfg_1171,100.0,0.01,0.995,1000.0,1.51,16.299999999999997,True
cfg_1172,100.0,0.01,0.995,5000.0,2.75,16.299999999999997,True
cfg_1173,100.0,0.01,0.995,10000.0,2.64,16.299999999999997,True
cfg_1174,100.0,0.01,0.995,50000.0,2.39,16.299999999999997,True
cfg_1175,100.0,0.01,0.995,100000.0,2.8,16.299999999999997,True
cfg_1176,100.0,0.01,0.995,500000.0,2.7,16.299999999999997,True
cfg_1177,100.0,0.1,0.85,1000.0,0.08,15.700000000000001,True
cfg_1178,100.0,0.1,0.85,5000.0,0.08,16.299999999999997,True
cfg_1179,100.0,0.1,0.85,10000.0,0.08,15.700000000000001,True
cfg_1180,100.0,0.1,0.85,50000.0,0.06,15.700000000000001,True
cfg_1181,100.0,0.1,0.85,100000.0,0.07,13.9,True
cfg_1182,100.0,0.1,0.85,500000.0,0.07,16.299999999999997,True
cfg_1183,100.0,0.1,0.9,1000.0,0.1,15.700000000000001,True
cfg_1184,100.0,0.1,0.9,5000.0,0.1,15.700000000000001,True
cfg_1185,100.0,0.1,0.9,10000.0,0.1,16.299999999999997,True
cfg_1186,100.0,0.1,0.9,50000.0,0.11,16.299999999999997,True
cfg_1187,100.0,0.1,0.9,100000.0,0.1,15.700000000000001,True
cfg_1188,100.0,0.1,0.9,500000.0,0.11,15.700000000000001,True
cfg_1189,100.0,0.1,0.93,1000.0,0.15,16.299999999999997,True
cfg_1190,100.0,0.1,0.93,5000.0,0.28,15.700000000000001,True
cfg_1191,100.0,0.1,0.93,10000.0,0.18,16.299999999999997,True
cfg_1192,100.0,0.1,0.93,50000.0,0.17,16.299999999999997,True
cfg_1193,100.0,0.1,0.93,100000.0,0.13,16.299999999999997,True
cfg_1194,100.0,0.1,0.93,500000.0,0.16,16.299999999999997,True
cfg_1195,100.0,0.1,0.95,1000.0,0.24,16.299999999999997,True
cfg_1196,100.0,0.1,0.95,5000.0,0.22,16.299999999999997,True
cfg_1197,100.0,0.1,0.95,10000.0,0.2,16.299999999999997,True
cfg_1198,100.0,0.1,0.95,50000.0,0.21,16.299999999999997,True
cfg_1199,100.0,0.1,0.95,100000.0,0.2,16.299999999999997,True
cfg_1200,100.0,0.1,0.95,500000.0,0.22,16.299999999999997,True
cfg_1201,100.0,0.1,0.97,1000.0,0.34,16.299999999999997,True
cfg_1202,100.0,0.1,0.97,5000.0,0.35,16.299999999999997,True
cfg_1203,100.0,0.1,0.97,10000.0,0.38,16.299999999999997,True
cfg_1204,100.0,0.1,0.97,50000.0,0.36,16.299999999999997,True
cfg_1205,100.0,0.1,0.97,100000.0,0.39,16.299999999999997,True
cfg_1206,100.0,0.1,0.97,500000.0,0.37,16.299999999999997,True
cfg_1207,100.0,0.1,0.99,1000.0,1.0,16.299999999999997,True
cfg_1208,100.0,0.1,0.99,5000.0,1.01,16.299999999999997,True
cfg_1209,100.0,0.1,0.99,10000.0,1.08,16.299999999999997,True
cfg_1210,100.0,0.1,0.99,50000.0,1.03,16.299999999999997,True
cfg_1211,100.0,0.1,0.99,100000.0,1.09,16.299999999999997,True
cfg_1212,100.0,0.1,0.99,500000.0,1.07,16.299999999999997,True
cfg_1213,100.0,0.1,0.995,1000.0,1.54,16.299999999999997,True
cfg_1214,100.0,0.1,0.995,5000.0,1.98,16.299999999999997,True
cfg_1215,100.0,0.1,0.995,10000.0,2.05,16.299999999999997,True
cfg_1216,100.0,0.1,0.995,50000.0,2.05,16.299999999999997,True
cfg_1217,100.0,0.1,0.995,100000.0,2.06,16.299999999999997,True
cfg_1218,100.0,0.1,0.995,500000.0,2.04,16.299999999999997,True
cfg_1219,100.0,1.0,0.85,1000.0,0.05,14.899999999999999,True
cfg_1220,100.0,1.0,0.85,5000.0,0.04,15.700000000000001,True
cfg_1221,100.0,1.0,0.85,10000.0,0.04,14.9,True
cfg_1222,100.0,1.0,0.85,50000.0,0.06,15.700000000000001,True
cfg_1223,100.0,1.0,0.85,100000.0,0.06,14.899999999999999,True
cfg_1224,100.0,1.0,0.85,500000.0,0.06,15.700000000000001,True
cfg_1225,100.0,1.0,0.9,1000.0,0.08,16.299999999999997,True
cfg_1226,100.0,1.0,0.9,5000.0,0.07,16.299999999999997,True
cfg_1227,100.0,1.0,0.9,10000.0,0.11,16.299999999999997,True
cfg_1228,100.0,1.0,0.9,50000.0,0.07,16.299999999999997,True
cfg_1229,100.0,1.0,0.9,100000.0,0.08,15.700000000000001,True
cfg_1230,100.0,1.0,0.9,500000.0,0.09,15.700000000000001,True
cfg_1231,100.0,1.0,0.93,1000.0,0.1,15.700000000000001,True
cfg_1232,100.0,1.0,0.93,5000.0,0.11,15.700000000000001,True
cfg_1233,100.0,1.0,0.93,10000.0,0.1,16.299999999999997,True
cfg_1234,100.0,1.0,0.93,50000.0,0.12,15.700000000000001,True
cfg_1235,100.0,1.0,0.93,100000.0,0.11,15.700000000000001,True
cfg_1236,100.0,1.0,0.93,500000.0,0.09,15.700000000000001,True
cfg_1237,100.0,1.0,0.95,1000.0,0.17,16.299999999999997,True
cfg_1238,100.0,1.0,0.95,5000.0,0.14,15.700000000000001,True
cfg_1239,100.0,1.0,0.95,10000.0,0.16,15.700000000000001,True
cfg_1240,100.0,1.0,0.95,50000.0,0.14,15.700000000000001,True
cfg_1241,100.0,1.0,0.95,100000.0,0.14,16.299999999999997,True
cfg_1242,100.0,1.0,0.95,500000.0,0.17,15.700000000000001,True
cfg_1243,100.0,1.0,0.97,1000.0,0.24,16.299999999999997,True
cfg_1244,100.0,1.0,0.97,5000.0,0.21,16.299999999999997,True
cfg_1245,100.0,1.0,0.97,10000.0,0.24,16.299999999999997,True
cfg_1246,100.0,1.0,0.97,50000.0,0.24,16.299999999999997,True
cfg_1247,100.0,1.0,0.97,100000.0,0.25,14.899999999999999,True
cfg_1248,100.0,1.0,0.97,500000.0,0.27,16.299999999999997,True
cfg_1249,100.0,1.0,0.99,1000.0,0.72,16.299999999999997,True
cfg_1250,100.0,1.0,0.99,5000.0,0.72,16.299999999999997,True
cfg_1251,100.0,1.0,0.99,10000.0,0.74,16.299999999999997,True
cfg_1252,100.0,1.0,0.99,50000.0,0.74,16.299999999999997,True
cfg_1253,100.0,1.0,0.99,100000.0,0.77,16.299999999999997,True
cfg_1254,100.0,1.0,0.99,500000.0,0.74,16.299999999999997,True
cfg_1255,100.0,1.0,0.995,1000.0,1.47,16.299999999999997,True
cfg_1256,100.0,1.0,0.995,5000.0,1.44,16.299999999999997,True
cfg_1257,100.0,1.0,0.995,10000.0,1.47,16.299999999999997,True
cfg_1258,100.0,1.0,0.995,50000.0,1.47,16.299999999999997,True
cfg_1259,100.0,1.0,0.995,100000.0,1.43,16.299999999999997,True
cfg_1260,100.0,1.0,0.995,500000.0,1.48,16.299999999999997,True
cfg_1261,500.0,1e-06,0.85,1000.0,0.23,16.299999999999997,True
cfg_1262,500.0,1e-06,0.85,5000.0,0.2,15.700000000000001,True
cfg_1263,500.0,1e-06,0.85,10000.0,0.19,15.700000000000001,True
cfg_1264,500.0,1e-06,0.85,50000.0,0.17,16.299999999999997,True
cfg_1265,500.0,1e-06,0.85,100000.0,0.16,14.9,True
cfg_1266,500.0,1e-06,0.85,500000.0,0.18,15.700000000000001,True
cfg_1267,500.0,1e-06,0.9,1000.0,0.3,15.700000000000001,True
cfg_1268,500.0,1e-06,0.9,5000.0,0.31,16.299999999999997,True
cfg_1269,500.0,1e-06,0.9,10000.0,0.31,16.299999999999997,True
cfg_1270,500.0,1e-06,0.9,50000.0,0.22,13.9,True
cfg_1271,500.0,1e-06,0.9,100000.0,0.3,16.299999999999997,True
cfg_1272,500.0,1e-06,0.9,500000.0,0.3,15.700000000000001,True
cfg_1273,500.0,1e-06,0.93,1000.0,0.45,16.299999999999997,True
cfg_1274,500.0,1e-06,0.93,5000.0,0.47,16.299999999999997,True
cfg_1275,500.0,1e-06,0.93,10000.0,0.42,16.299999999999997,True
cfg_1276,500.0,1e-06,0.93,50000.0,0.41,16.299999999999997,True
cfg_1277,500.0,1e-06,0.93,100000.0,0.39,16.299999999999997,True
cfg_1278,500.0,1e-06,0.93,500000.0,0.39,16.299999999999997,True
cfg_1279,500.0,1e-06,0.95,1000.0,0.54,16.299999999999997,True
cfg_1280,500.0,1e-06,0.95,5000.0,0.55,16.299999999999997,True
cfg_1281,500.0,1e-06,0.95,10000.0,0.61,15.700000000000001,True
cfg_1282,500.0,1e-06,0.95,50000.0,0.59,16.299999999999997,True
cfg_1283,500.0,1e-06,0.95,100000.0,0.64,16.299999999999997,True
cfg_1284,500.0,1e-06,0.95,500000.0,0.56,16.299999999999997,True
cfg_1285,500.0,1e-06,0.97,1000.0,0.97,16.299999999999997,True
cfg_1286,500.0,1e-06,0.97,5000.0,0.88,16.299999999999997,True
cfg_1287,500.0,1e-06,0.97,10000.0,1.0,16.299999999999997,True
cfg_1288,500.0,1e-06,0.97,50000.0,0.95,16.299999999999997,True
cfg_1289,500.0,1e-06,0.97,100000.0,1.02,16.299999999999997,True
cfg_1290,500.0,1e-06,0.97,500000.0,1.04,16.299999999999997,True
cfg_1291,500.0,1e-06,0.99,1000.0,1.57,16.299999999999997,True
cfg_1292,500.0,1e-06,0.99,5000.0,2.99,16.299999999999997,True
cfg_1293,500.0,1e-06,0.99,10000.0,2.73,16.299999999999997,True
cfg_1294,500.0,1e-06,0.99,50000.0,2.7,16.299999999999997,True
cfg_1295,500.0,1e-06,0.99,100000.0,2.67,16.299999999999997,True
cfg_1296,500.0,1e-06,0.99,500000.0,2.62,16.299999999999997,True
cfg_1297,500.0,1e-06,0.995,1000.0,1.62,16.299999999999997,True
cfg_1298,500.0,1e-06,0.995,5000.0,6.0,16.299999999999997,True
cfg_1299,500.0,1e-06,0.995,10000.0,6.01,16.299999999999997,True
cfg_1300,500.0,1e-06,0.995,50000.0,4.72,16.299999999999997,True
cfg_1301,500.0,1e-06,0.995,100000.0,6.13,16.299999999999997,True
cfg_1302,500.0,1e-06,0.995,500000.0,5.52,16.299999999999997,True
cfg_1303,500.0,0.0001,0.85,1000.0,0.11,16.299999999999997,True
cfg_1304,500.0,0.0001,0.85,5000.0,0.12,15.700000000000001,True
cfg_1305,500.0,0.0001,0.85,10000.0,0.14,15.700000000000001,True
cfg_1306,500.0,0.0001,0.85,50000.0,0.15,16.299999999999997,True
cfg_1307,500.0,0.0001,0.85,100000.0,0.17,15.700000000000001,True
cfg_1308,500.0,0.0001,0.85,500000.0,0.16,15.700000000000001,True
cfg_1309,500.0,0.0001,0.9,1000.0,0.26,16.299999999999997,True
cfg_1310,500.0,0.0001,0.9,5000.0,0.21,16.299999999999997,True
cfg_1311,500.0,0.0001,0.9,10000.0,0.2,14.9,True
cfg_1312,500.0,0.0001,0.9,50000.0,0.22,16.299999999999997,True
cfg_1313,500.0,0.0001,0.9,100000.0,0.2,16.299999999999997,True
cfg_1314,500.0,0.0001,0.9,500000.0,0.24,15.700000000000001,True
cfg_1315,500.0,0.0001,0.93,1000.0,0.29,16.299999999999997,True
cfg_1316,500.0,0.0001,0.93,5000.0,0.36,15.700000000000001,True
cfg_1317,500.0,0.0001,0.93,10000.0,0.33,16.299999999999997,True
cfg_1318,500.0,0.0001,0.93,50000.0,0.31,16.299999999999997,True
cfg_1319,500.0,0.0001,0.93,100000.0,0.33,16.299999999999997,True
cfg_1320,500.0,0.0001,0.93,500000.0,0.32,15.700000000000001,True
cfg_1321,500.0,0.0001,0.95,1000.0,0.42,16.299999999999997,True
cfg_1322,500.0,0.0001,0.95,5000.0,0.42,16.299999999999997,True
cfg_1323,500.0,0.0001,0.95,10000.0,0.44,16.299999999999997,True
cfg_1324,500.0,0.0001,0.95,50000.0,0.42,15.700000000000001,True
cfg_1325,500.0,0.0001,0.95,100000.0,0.45,16.299999999999997,True
cfg_1326,500.0,0.0001,0.95,500000.0,0.4,16.299999999999997,True
cfg_1327,500.0,0.0001,0.97,1000.0,0.82,15.700000000000001,True
cfg_1328,500.0,0.0001,0.97,5000.0,0.77,16.299999999999997,True
cfg_1329,500.0,0.0001,0.97,10000.0,0.73,16.299999999999997,True
cfg_1330,500.0,0.0001,0.97,50000.0,0.68,16.299999999999997,True
cfg_1331,500.0,0.0001,0.97,100000.0,0.65,15.700000000000001,True
cfg_1332,500.0,0.0001,0.97,500000.0,0.67,16.299999999999997,True
cfg_1333,500.0,0.0001,0.99,1000.0,1.45,16.299999999999997,True
cfg_1334,500.0,0.0001,0.99,5000.0,2.3,16.299999999999997,True
cfg_1335,500.0,0.0001,0.99,10000.0,2.16,16.299999999999997,True
cfg_1336,500.0,0.0001,0.99,50000.0,2.19,16.299999999999997,True
cfg_1337,500.0,0.0001,0.99,100000.0,2.2,16.299999999999997,True
cfg_1338,500.0,0.0001,0.99,500000.0,2.28,16.299999999999997,True
cfg_1339,500.0,0.0001,0.995,1000.0,1.59,16.299999999999997,True
cfg_1340,500.0,0.0001,0.995,5000.0,4.73,16.299999999999997,True
cfg_1341,500.0,0.0001,0.995,10000.0,4.76,16.299999999999997,True
cfg_1342,500.0,0.0001,0.995,50000.0,4.67,16.299999999999997,True
cfg_1343,500.0,0.0001,0.995,100000.0,4.6,16.299999999999997,True
cfg_1344,500.0,0.0001,0.995,500000.0,4.77,16.299999999999997,True
cfg_1345,500.0,0.001,0.85,1000.0,0.13,15.700000000000001,True
cfg_1346,500.0,0.001,0.85,5000.0,0.11,16.299999999999997,True
cfg_1347,500.0,0.001,0.85,10000.0,0.11,16.299999999999997,True
cfg_1348,500.0,0.001,0.85,50000.0,0.13,16.299999999999997,True
cfg_1349,500.0,0.001,0.85,100000.0,0.15,15.700000000000001,True
cfg_1350,500.0,0.001,0.85,500000.0,0.12,15.700000000000001,True
cfg_1351,500.0,0.001,0.9,1000.0,0.2,15.700000000000001,True
cfg_1352,500.0,0.001,0.9,5000.0,0.18,15.700000000000001,True
cfg_1353,500.0,0.001,0.9,10000.0,0.16,15.700000000000001,True
cfg_1354,500.0,0.001,0.9,50000.0,0.18,15.700000000000001,True
cfg_1355,500.0,0.001,0.9,100000.0,0.19,16.299999999999997,True
cfg_1356,500.0,0.001,0.9,500000.0,0.18,15.700000000000001,True
cfg_1357,500.0,0.001,0.93,1000.0,0.27,16.299999999999997,True
cfg_1358,500.0,0.001,0.93,5000.0,0.29,16.299999999999997,True
cfg_1359,500.0,0.001,0.93,10000.0,0.26,16.299999999999997,True
cfg_1360,500.0,0.001,0.93,50000.0,0.28,14.899999999999999,True
cfg_1361,500.0,0.001,0.93,100000.0,0.23,16.299999999999997,True
cfg_1362,500.0,0.001,0.93,500000.0,0.24,16.299999999999997,True
cfg_1363,500.0,0.001,0.95,1000.0,0.39,16.299999999999997,True
cfg_1364,500.0,0.001,0.95,5000.0,0.37,16.299999999999997,True
cfg_1365,500.0,0.001,0.95,10000.0,0.3,16.299999999999997,True
cfg_1366,500.0,0.001,0.95,50000.0,0.36,16.299999999999997,True
cfg_1367,500.0,0.001,0.95,100000.0,0.4,16.299999999999997,True
cfg_1368,500.0,0.001,0.95,500000.0,0.31,16.299999999999997,True
cfg_1369,500.0,0.001,0.97,1000.0,0.63,16.299999999999997,True
cfg_1370,500.0,0.001,0.97,5000.0,0.6,16.299999999999997,True
cfg_1371,500.0,0.001,0.97,10000.0,0.61,16.299999999999997,True
cfg_1372,500.0,0.001,0.97,50000.0,0.69,16.299999999999997,True
cfg_1373,500.0,0.001,0.97,100000.0,0.68,16.299999999999997,True
cfg_1374,500.0,0.001,0.97,500000.0,0.66,16.299999999999997,True
cfg_1375,500.0,0.001,0.99,1000.0,1.58,16.299999999999997,True
cfg_1376,500.0,0.001,0.99,5000.0,1.96,16.299999999999997,True
cfg_1377,500.0,0.001,0.99,10000.0,1.9,16.299999999999997,True
cfg_1378,500.0,0.001,0.99,50000.0,2.0,16.299999999999997,True
cfg_1379,500.0,0.001,0.99,100000.0,1.69,16.299999999999997,True
cfg_1380,500.0,0.001,0.99,500000.0,1.8,16.299999999999997,True
cfg_1381,500.0,0.001,0.995,1000.0,1.59,16.299999999999997,True
cfg_1382,500.0,0.001,0.995,5000.0,4.06,16.299999999999997,True
cfg_1383,500.0,0.001,0.995,10000.0,3.69,16.299999999999997,True
cfg_1384,500.0,0.001,0.995,50000.0,3.99,16.299999999999997,True
cfg_1385,500.0,0.001,0.995,100000.0,3.73,16.299999999999997,True
cfg_1386,500.0,0.001,0.995,500000.0,4.09,16.299999999999997,True
cfg_1387,500.0,0.01,0.85,1000.0,0.13,16.299999999999997,True
cfg_1388,500.0,0.01,0.85,5000.0,0.11,16.299999999999997,True
cfg_1389,500.0,0.01,0.85,10000.0,0.1,16.299999999999997,True
cfg_1390,500.0,0.01,0.85,50000.0,0.1,16.299999999999997,True
cfg_1391,500.0,0.01,0.85,100000.0,0.12,15.700000000000001,True
cfg_1392,500.0,0.01,0.85,500000.0,0.1,16.299999999999997,True
cfg_1393,500.0,0.01,0.9,1000.0,0.14,16.299999999999997,True
cfg_1394,500.0,0.01,0.9,5000.0,0.17,16.299999999999997,True
cfg_1395,500.0,0.01,0.9,10000.0,0.16,16.299999999999997,True
cfg_1396,500.0,0.01,0.9,50000.0,0.16,16.299999999999997,True
cfg_1397,500.0,0.01,0.9,100000.0,0.22,15.700000000000001,True
cfg_1398,500.0,0.01,0.9,500000.0,0.17,16.299999999999997,True
cfg_1399,500.0,0.01,0.93,1000.0,0.24,16.299999999999997,True
cfg_1400,500.0,0.01,0.93,5000.0,0.23,16.299999999999997,True
cfg_1401,500.0,0.01,0.93,10000.0,0.22,16.299999999999997,True
cfg_1402,500.0,0.01,0.93,50000.0,0.27,16.299999999999997,True
cfg_1403,500.0,0.01,0.93,100000.0,0.22,16.299999999999997,True
cfg_1404,500.0,0.01,0.93,500000.0,0.25,16.299999999999997,True
cfg_1405,500.0,0.01,0.95,1000.0,0.35,16.299999999999997,True
cfg_1406,500.0,0.01,0.95,5000.0,0.26,16.299999999999997,True
cfg_1407,500.0,0.01,0.95,10000.0,0.33,16.299999999999997,True
cfg_1408,500.0,0.01,0.95,50000.0,0.35,16.299999999999997,True
cfg_1409,500.0,0.01,0.95,100000.0,0.31,16.299999999999997,True
cfg_1410,500.0,0.01,0.95,500000.0,0.34,16.299999999999997,True
cfg_1411,500.0,0.01,0.97,1000.0,0.55,16.299999999999997,True
cfg_1412,500.0,0.01,0.97,5000.0,0.53,16.299999999999997,True
cfg_1413,500.0,0.01,0.97,10000.0,0.5,16.299999999999997,True
cfg_1414,500.0,0.01,0.97,50000.0,0.49,16.299999999999997,True
cfg_1415,500.0,0.01,0.97,100000.0,0.47,16.299999999999997,True
cfg_1416,500.0,0.01,0.97,500000.0,0.53,16.299999999999997,True
cfg_1417,500.0,0.01,0.99,1000.0,1.58,16.299999999999997,True
cfg_1418,500.0,0.01,0.99,5000.0,1.56,16.299999999999997,True
cfg_1419,500.0,0.01,0.99,10000.0,1.7,16.299999999999997,True
cfg_1420,500.0,0.01,0.99,50000.0,1.56,16.299999999999997,True
cfg_1421,500.0,0.01,0.99,100000.0,1.71,16.299999999999997,True
cfg_1422,500.0,0.01,0.99,500000.0,1.71,16.299999999999997,True
cfg_1423,500.0,0.01,0.995,1000.0,1.58,16.299999999999997,True
cfg_1424,500.0,0.01,0.995,5000.0,3.13,16.299999999999997,True
cfg_1425,500.0,0.01,0.995,10000.0,3.33,16.299999999999997,True
cfg_1426,500.0,0.01,0.995,50000.0,3.01,16.299999999999997,True
cfg_1427,500.0,0.01,0.995,100000.0,3.08,16.299999999999997,True
cfg_1428,500.0,0.01,0.995,500000.0,2.92,16.299999999999997,True
cfg_1429,500.0,0.1,0.85,1000.0,0.08,14.9,True
cfg_1430,500.0,0.1,0.85,5000.0,0.1,16.299999999999997,True
cfg_1431,500.0,0.1,0.85,10000.0,0.1,16.299999999999997,True
cfg_1432,500.0,0.1,0.85,50000.0,0.09,16.299999999999997,True
cfg_1433,500.0,0.1,0.85,100000.0,0.07,15.700000000000001,True
cfg_1434,500.0,0.1,0.85,500000.0,0.13,14.700000000000001,True
cfg_1435,500.0,0.1,0.9,1000.0,0.13,15.700000000000001,True
cfg_1436,500.0,0.1,0.9,5000.0,0.15,16.299999999999997,True
cfg_1437,500.0,0.1,0.9,10000.0,0.13,16.299999999999997,True
cfg_1438,500.0,0.1,0.9,50000.0,0.14,15.700000000000001,True
cfg_1439,500.0,0.1,0.9,100000.0,0.13,16.299999999999997,True
cfg_1440,500.0,0.1,0.9,500000.0,0.1,15.700000000000001,True
cfg_1441,500.0,0.1,0.93,1000.0,0.19,16.299999999999997,True
cfg_1442,500.0,0.1,0.93,5000.0,0.15,16.299999999999997,True
cfg_1443,500.0,0.1,0.93,10000.0,0.21,16.299999999999997,True
cfg_1444,500.0,0.1,0.93,50000.0,0.21,16.299999999999997,True
cfg_1445,500.0,0.1,0.93,100000.0,0.19,16.299999999999997,True
cfg_1446,500.0,0.1,0.93,500000.0,0.18,15.700000000000001,True
cfg_1447,500.0,0.1,0.95,1000.0,0.24,16.299999999999997,True
cfg_1448,500.0,0.1,0.95,5000.0,0.28,16.299999999999997,True
cfg_1449,500.0,0.1,0.95,10000.0,0.24,16.299999999999997,True
cfg_1450,500.0,0.1,0.95,50000.0,0.26,16.299999999999997,True
cfg_1451,500.0,0.1,0.95,100000.0,0.26,16.299999999999997,True
cfg_1452,500.0,0.1,0.95,500000.0,0.27,16.299999999999997,True
cfg_1453,500.0,0.1,0.97,1000.0,0.43,16.299999999999997,True
cfg_1454,500.0,0.1,0.97,5000.0,0.49,16.299999999999997,True
cfg_1455,500.0,0.1,0.97,10000.0,0.45,16.299999999999997,True
cfg_1456,500.0,0.1,0.97,50000.0,0.45,16.299999999999997,True
cfg_1457,500.0,0.1,0.97,100000.0,0.41,15.700000000000001,True
cfg_1458,500.0,0.1,0.97,500000.0,0.43,16.299999999999997,True
cfg_1459,500.0,0.1,0.99,1000.0,1.34,16.299999999999997,True
cfg_1460,500.0,0.1,0.99,5000.0,1.21,16.299999999999997,True
cfg_1461,500.0,0.1,0.99,10000.0,1.2,16.299999999999997,True
cfg_1462,500.0,0.1,0.99,50000.0,1.3,16.299999999999997,True
cfg_1463,500.0,0.1,0.99,100000.0,1.35,16.299999999999997,True
cfg_1464,500.0,0.1,0.99,500000.0,1.36,16.299999999999997,True
cfg_1465,500.0,0.1,0.995,1000.0,1.61,16.299999999999997,True
cfg_1466,500.0,0.1,0.995,5000.0,2.62,16.299999999999997,True
cfg_1467,500.0,0.1,0.995,10000.0,2.73,16.299999999999997,True
cfg_1468,500.0,0.1,0.995,50000.0,2.55,16.299999999999997,True
cfg_1469,500.0,0.1,0.995,100000.0,2.47,16.299999999999997,True
cfg_1470,500.0,0.1,0.995,500000.0,2.72,16.299999999999997,True
cfg_1471,500.0,1.0,0.85,1000.0,0.06,14.899999999999999,True
cfg_1472,500.0,1.0,0.85,5000.0,0.09,15.700000000000001,True
cfg_1473,500.0,1.0,0.85,10000.0,0.07,14.9,True
cfg_1474,500.0,1.0,0.85,50000.0,0.07,16.299999999999997,True
cfg_1475,500.0,1.0,0.85,100000.0,0.07,15.700000000000001,True
cfg_1476,500.0,1.0,0.85,500000.0,0.06,15.700000000000001,True
cfg_1477,500.0,1.0,0.9,1000.0,0.1,16.299999999999997,True
cfg_1478,500.0,1.0,0.9,5000.0,0.09,16.299999999999997,True
cfg_1479,500.0,1.0,0.9,10000.0,0.11,15.700000000000001,True
cfg_1480,500.0,1.0,0.9,50000.0,0.07,13.9,True
cfg_1481,500.0,1.0,0.9,100000.0,0.11,15.700000000000001,True
cfg_1482,500.0,1.0,0.9,500000.0,0.09,16.299999999999997,True
cfg_1483,500.0,1.0,0.93,1000.0,0.14,16.299999999999997,True
cfg_1484,500.0,1.0,0.93,5000.0,0.15,16.299999999999997,True
cfg_1485,500.0,1.0,0.93,10000.0,0.13,16.299999999999997,True
cfg_1486,500.0,1.0,0.93,50000.0,0.14,16.299999999999997,True
cfg_1487,500.0,1.0,0.93,100000.0,0.15,16.299999999999997,True
cfg_1488,500.0,1.0,0.93,500000.0,0.15,16.299999999999997,True
cfg_1489,500.0,1.0,0.95,1000.0,0.21,16.299999999999997,True
cfg_1490,500.0,1.0,0.95,5000.0,0.2,16.299999999999997,True
cfg_1491,500.0,1.0,0.95,10000.0,0.24,16.299999999999997,True
cfg_1492,500.0,1.0,0.95,50000.0,0.19,16.299999999999997,True
cfg_1493,500.0,1.0,0.95,100000.0,0.2,16.299999999999997,True
cfg_1494,500.0,1.0,0.95,500000.0,0.18,16.299999999999997,True
cfg_1495,500.0,1.0,0.97,1000.0,0.38,16.299999999999997,True
cfg_1496,500.0,1.0,0.97,5000.0,0.34,16.299999999999997,True
cfg_1497,500.0,1.0,0.97,10000.0,0.33,15.700000000000001,True
cfg_1498,500.0,1.0,0.97,50000.0,0.37,16.299999999999997,True
cfg_1499,500.0,1.0,0.97,100000.0,0.37,16.299999999999997,True
cfg_1500,500.0,1.0,0.97,500000.0,0.34,16.299999999999997,True
cfg_1501,500.0,1.0,0.99,1000.0,1.03,16.299999999999997,True
cfg_1502,500.0,1.0,0.99,5000.0,0.97,16.299999999999997,True
cfg_1503,500.0,1.0,0.99,10000.0,0.98,16.299999999999997,True
cfg_1504,500.0,1.0,0.99,50000.0,0.96,16.299999999999997,True
cfg_1505,500.0,1.0,0.99,100000.0,1.06,16.299999999999997,True
cfg_1506,500.0,1.0,0.99,500000.0,1.04,16.299999999999997,True
cfg_1507,500.0,1.0,0.995,1000.0,1.64,16.299999999999997,True
cfg_1508,500.0,1.0,0.995,5000.0,2.0,16.299999999999997,True
cfg_1509,500.0,1.0,0.995,10000.0,2.01,16.299999999999997,True
cfg_1510,500.0,1.0,0.995,50000.0,1.95,16.299999999999997,True
cfg_1511,500.0,1.0,0.995,100000.0,2.07,16.299999999999997,True
cfg_1512,500.0,1.0,0.995,500000.0,2.05,16.299999999999997,True
